id,Key,Russian,English,Chinese,Spanish,Brazilian portuguese,"Deutsche Sprache ",Japanese,French,Polish,Korean,Turkish,Italian,Hungary
1.0,u_nas_pochti,У нас почти,We almost,我们差点,Casi,A gente quase,Wir haben es fast,ほぼ,On a presque,U nas prawie,거의,Neredeyse oldu,Ci siamo quasi,Majdnem
2.0,pochti_poluchilos,Почти получилось,Almost made it,就差一点,Casi lo logramos,Quase conseguiu,Fast geschafft,ほぼ成功した,On a presque réussi,Prawie się udo,거의 됐어,Neredeyse başarmıştık,Quasi fatto,Majdnem sikerült
3.0,prodolgai_zhit,Продолжай жить,Keep living,继续活着,Sigue viviendo,Continua vivendo,Leb weiter,生き続けろ,Continue de vivre,Kontynuuj życie,계속 살아,Yaşamaya devam et,Continua a vivere,Élj tovább
4.0,prestupit_zhit,Начать жить,Start living,开始活着,Empieza a vivir,Começar a viver,Fang an zu leben,生き始めろ,Commence à vivre,Zacząć żyć,살기 시작해,Yaşamaya başla,Inizia a vivere,Kezdj el élni
5.0,umytsya,Умыться,Wash,洗脸,Lávate,Lavar o rosto,Sich waschen,洗面,Se laver,Umyć się,세수하다,Yüzünü yıka,Lavarsi,Megmosakodni
6.0,dima,Дима,Dima,迪马,Dima,Dima,Dima,ディマ,Dima,Dima,디마,Dima,Dima,Dima
7.0,propushenyi_zvonok,пропущенный звонок,missed call,未接来电,llamada perdida,chamada perdida,Anruf verpasst,不在着信,appel manqué,nieodebrane połączenie,부재 중 전화,kaçan çağrı,chiamata persa,elvesztett hívás
8.0,ei,Эй,Hey,喂,Oye,Ei,Hey,おい,Hé,Hej,야,Hey,Ehi,Hé
9.0,ty_zdes,Ты здесь?,Are you here?,你在这儿？,¿Estás aquí?,Você tá aqui?,Bist du hier?,ここにいるのか？,Tu es là ?,Ty tutaj?,여기 있냐?,Burada mısın?,Sei qui?,Itt vagy?
10.0,nu_pochemu_ty_takoi_bessovestnyi_suchenish,Ну почему ты такой бессовестный сучёныш,Why are you such a shameless son of a bitch,你怎么能这么无耻 狗娘养的,¿Por qué eres un desgraciado sinvergüenza?,"Poxa, por que você é um filho da puta tão sem vergonha","Na, warum bist du so ein schamloser Hurensohn",なぜお前はそんなに図々しいクソッタレなんだ,Mais pourquoi t'es un fils de pute aussi sans vergogne,No dlaczego jesteś takim bezwstydnym sukinsynem,왜 그렇게 철면피한 개새끼야,Neden bu kadar yüzsüz bir orospu çocuğusun,Ma perché sei così uno sfrontato figlio di puttana,"Na, miért vagy ilyen szégyentelen rohadék"
11.0,zdes_shusyi_koshmar_ty_v_kurse,Здесь сущий кошмар ты в курсе?,"It's a complete nightmare here, r u aware?",这儿简直噩梦 知道不？,"Aquí es una pesadilla, ¿sabes?","Aqui tá um verdadeiro pesadelo, cê tá sabendo?","Hier ist der reinste Albtraum, weißt du das?",ここは地獄だってわかってるのか？,Ici c'est un vrai cauchemar t'es au courant ?,Tutaj istny koszmar ty w kursie?,여진짜 지옥인 거 알고 있냐?,"Burası tam bir kabus, haberin var mı?","Qui è un vero incubo, lo sai?","Itt teljes rémálom, tudod?"
12.0,bliad_ny_ge,"Блядь, ну же","Fuck, come on",妈的 快点,"Mierda, vamos","Porra, qualé","Scheiße, komm schon",クソ、しっかりしろ,"Putain, allez","Kurwa, noże","씨발, 어서","Siktir, hadi ama","Cazzo, dai","Basszus, gyerünk"
13.0,ty_ge_znaesh_v_twoe_otsutstvie_wsu_rabotu_sbrosiat_na_menya,Ты же знаешь в твоё отсутствие всю работу сбросят на меня,You know they'll dump all work on me in ur absence,你不在活儿全压我身上了,Sabes que me echarán todo el trabajo sin ti,Cê sabe que na sua ausência vão jogar todo o trabalho em cima de mim,"Du weißt doch, dass in deiner Abwesenheit die ganze Arbeit auf mich abgewälzt wird",お前がいない間、仕事全部俺に押し付けられるってわかってるだろ,Tu sais qu'en ton absence tout le travail va me retomber dessus,Tyż wiesz w twoją nieobecność całą pracę zrzucą na mnie,너 없을 때 일 다 나한테 떠맡겨지는 거 알면서,"Biliyorsun, yokluğunda tüm işler bana kalacak",Lo sai che in tua assenza tutto il lavoro mi verrà scaricato addosso,"Tudod, hogy a távollétedben az összes munkát rám hárítják"
14.0,polzovatel_zablokirovan,пользователь заблокирован,user is blocked,用户已被屏蔽,usuario bloqueado,usuário bloqueado,Benutzer blockiert,ユーザーはブロックされました,utilisateur bloqué,użytkownik zablokowany,사용자 차단됨,kullanıcı engellendi,utente bloccato,felhasználó blokkolva
15.0,papa,Папа,Dad,爸,Papá,Pai,Papa,パパ,Papa,Tata,아빠,Baba,Papà,Apa
16.0,gde_ty_mat_volnuetsia,Где ты мать волнуется,"Where are you, mother is worried",你在哪 妈很担心,"Dónde estás, mamá está preocupada","Cadê você, a mãe tá preocupada","Wo bist du, Mutter macht sich Sorgen",どこにいるの、母さんが心配してる,Où es-tu maman s'inquiète,Gdzie ty matka niepokoi się,어디야 엄마가 걱정해,"Neredesin, annem endişeleniyor","Dove sei, la mamma è preoccupata","Hol vagy, anyu aggódik"
17.0,ty_doma,Ты дома?,Are you home?,在家吗？,¿Estás en casa?,Tá em casa?,Bist du zu Hause?,家にいる？,Tu es à la maison ?,Ty w domu?,집이야?,Evde misin?,Sei a casa?,Otthon vagy?
18.0,est,Есть,Yes,在,Sí,Tô,Ja,いる,Oui,Jest,응,Evet,Sì,Igen
19.0,bolshe_chasa_uge_proshlo_nadeus_uspeet,"Больше часа уже прошло, надеюсь успеет","Over hour has passed already, hope he be able to",都过了一个多小时了 希望他能赶上,"Ya pasó más de una hora, ojalá llegue a tiempo","Já passou mais de uma hora, espero que ele dê tempo","Es ist schon über eine Stunde vergangen, hoffentlich schafft er es",もう一時間以上経った、間に合えばいいが,"Ça fait plus d'une heure déjà, j'espère qu'il arrivera à temps","Więcej godziny już przeszło, mam nadzieję zdąży","한 시간도 더 지났어, 늦기 전에 왔으면 좋겠다","Bir saati geçti, umarım yetişir","È passata già più di un'ora, spero che farà in tempo","Már több mint egy óra eltelt, remélem, ideér"
20.0,zavtrak_wse_rawno_nado_prigotovit,Завтрак всё равно надо приготовить,Need to make breakfast anyway,反正得做早饭,Igual hay que hacer el desayuno,O café da manhã tem que fazer de qualquer jeito,Frühstück muss sowieso gemacht werden,朝食はどうせ作らなきゃ,Le petit-déjeuner doit de toute façon être préparé,Śniadanie i tak trzeba przygotować,아침은 어차피 해야 해,Kahvaltıyı yine de yapmak lazım,La colazione va fatta comunque,A reggelit úgyis meg kell csinálni
21.0,da_est_ge_ne_zria_veril_v_nego,Да есть же! Не зря верил в него,"Yea, there is! My faith was justified",有了！我就知道没信错人,"¡Sí, está! No creí en él en vano","Isso, ele tá aí! Acreditei nele à toa não","Ja, er ist da! Hab ja nicht umsonst an ihn geglaubt",よし、いるぞ！信じてた甲斐があった,"Mais oui, il est là ! J'ai pas cru en lui pour rien",Tak jestże! Nie na darmo wierzył w niego,"그래, 있어! 믿은 보람이 있네","Evet, işte orada! Ona boşuna inanmadım","Sì, c'è! Non ci ho creduto per niente","Igen, ott van! Nem hiába hittem benne"
22.0,net_ya_konechno_vce_ponimau_no,"Нет, я конечно всё понимаю, но...","Nope, I get it all, but... ",不 我理解 但...,"No, lo entiendo todo, pero...","Não, eu entendo tudo, claro, mas...","Nein, ich verstehe natürlich alles, aber...",いや、もちろん全部わかってる、だが…,"Non, je comprends tout, bien sûr, mais...","Nie, ja oczywiście wszystko rozumiem, ale...","아니, 다 이해하지만, 그래도...","Hayır, elbette her şeyi anlıyorum, ama...","No, capisco tutto, certo, ma...","Nem, mindent megértek, persze, de..."
23.0,vy_mogli_vybrat_uchastok_eshe_dalshe,Вы могли выбрать участок ещё дальше?,Could your place be any further out?,你们非得选个更远的地儿？,¿Podrían haber elegido un lote más lejano?,Vocês poderiam ter escolhido um lote ainda mais longe?,Hätten Sie nicht ein Grundstück noch weiter weg wählen können?,もっと遠い区画を選べなかったのか？,Vous auriez pu choisir un terrain encore plus loin ?,Wy mogli wybrać działkę jeszcze dalej?,더 먼 구획을 고르지 그래요?,Daha uzak bir arsa seçemez miydiniz?,Avreste potuto scegliere un lotto ancora più lontano?,Választhattak volna még távolabbi telket?
24.0,dobroe_utro_dim,"Доброе утро, Дим","Morning, Dima",早 迪马,"Buenos días, Dim","Bom dia, Dim","Guten Morgen, Dim",おはよう、ディム,"Bonjour, Dim","Dobre rano, Dim","좋은 아침, 딤","Günaydın, Dim","Buongiorno, Dim","Jó reggelt, Dim"
25.0,dobroe,Доброе ,Good,早,Buenos,Bom dia,Guten Morgen,おはよう,Bonjour,Dobre,좋은 아침,Günaydın,Buongiorno,Jó reggelt
26.0,mogli_iznachalno_ved_planirovalos_stroitsia_eshe_dalshe_za_rekoy,"Могли, изначально ведь планировалось строиться ещё дальше, за рекой","Сould, it was initially planned to build even further away, beyond the river",本来计划建更远 河对岸,"Podríamos, inicialmente se planeó construir más lejos, tras el río","Poderíamos, originalmente tava planejado construir ainda mais longe, além do rio","Könnten wir, ursprünglich war geplant, noch weiter weg zu bauen, jenseits des Flusses",選べたよ、元々はもっと遠く、川の向こうに建てる計画だった,"On aurait pu, initialement il était prévu de construire encore plus loin, au-delà de la rivière","Mogli, z początku przecież planowało się budować jeszcze dalej, za rzeką","그럴 수 있었지, 원래는 더 멀리, 강 건너에 지을 계획이었어","Seçebilirdik, başlangıçta daha da uzakta, nehrin ötesinde inşa etmeyi planlıyorduk","Avremmo potuto, inizialmente era previsto costruire ancora più lontano, oltre il fiume","Lehetett, eredetileg még távolabb épülni terveztünk, a folyón túl"
27.0,eta_washa,Эта ваша...,This your...,你们这...,Esta su...,Essa sua...,Diese Ihre...,この君たちの…,Votre espèce de...,Ta wasza...,이 당신들...,Şu sizin...,Questa vostra...,Ez a ti...
28.0,bud_dobr_potishe_ona_eshe_spit,"Будь добр потише, она ещё спит","Please be quieter, she's still sleeping",小点声 她还睡着,"Por favor, más bajo, aún duerme","Faz favor de ficar mais quieto, ela ainda tá dormindo","Sei so gut, leiser, sie schläft noch",お願いだ静かにしてくれ、彼女はまだ寝ている,"Sois gentil de faire moins de bruit, elle dort encore","Bądź dobry ciszej, ona jeszcze śpi","조용히 해 줘, 걔 아직 자고 있어","Biraz daha sessiz olur musun, o hala uyuyor","Fai il favore di stare più zitto, sta ancora dormendo","Légy szíves csendesen, még alszik"
29.0,izvini_ne_dymal_chto_v_spalnoi_mogno_uslishat,"Извини, не думал что в спальной можно услышать","Sorry, didn't think it could be heard in the bedroom",抱歉 没想到卧室能听见,"Perdón, no pensé que se oiría en el dormitorio","Desculpa, não pensei que dava pra ouvir no quarto","Entschuldige, dachte nicht, dass man es im Schlafzimmer hören kann",すまない、寝室で聞こえるとは思わなかった,"Désolé, je ne pensais pas qu'on pouvait entendre dans la chambre","Przepraszam, nie myślałem że w sypialnej można usłyszeć","미안, 침실에서 들릴 줄은 몰랐어","Özür dilerim, yatak odasında duyulabileceğini düşünmemiştim","Scusa, non pensavo si sentisse in camera da letto","Bocs, nem gondoltam, hogy a hálószobában hallani lehet"
30.0,steny_doma_horoshi_delo_ne_v_nich,"Стены дома хороши, дело не в них","The house walls are good, it's not about them",墙没问题,"Las paredes son buenas, no es eso","As paredes da casa são boas, não é problema delas","Die Wände des Hauses sind gut, es liegt nicht an ihnen",家の壁はしっかりしている、そこの問題じゃない,"Les murs de la maison sont bons, le problème ne vient pas d'eux","Ściany domu dobre, rzecz nie w nich","집 벽은 좋아, 그 문제가 아니야","Evin duvarları iyi, mesele onlarda değil","Le pareti di casa sono buone, non è colpa loro","A ház falai jók, nem velük van a baj"
31.0,les_on,"Лес, он","The forest, it",是森林,"El bosque, él","A floresta, ela","Der Wald, er",森は、それが,"La forêt, elle","Las, on","숲은, 그게","Orman, o","La foresta, essa","Az erdő, az"
32.0,on_otragaet_zvuk_inache,Он отражает звук иначе,It reflects sound differently,反射声音不一样,Refleja el sonido distinto,Ela reflete o som diferente,Er reflektiert den Klang anders,音を違うように反射する,Elle réfléchit le son différemment,On odbija dźwięk inaczej,소리를 다르게 반사해,Sesi farklı yansıtıyor,Riflette il suono diversamente,Másképp veri vissza a hangot
33.0,ya_hochu_skazat,"Я хочу сказать, в городе ты неосознанно свыкаешься с его перманентным гулом, перестаёшь ощущать его, не замечаешь сотен и тысяч ускользающих звуков, произнесённых шёпотом слов, или скрипов половицы, которые он заглушает","I want to say, in the city you tune out, get used to its permanent hum, stop feeling it, don't notice hundreds and thousands of elusive sounds, words spoken in a whisper or floorboard creaks, which it drowns out",城里你会不自觉习惯永久噪音 渐渐感觉不到 忽略成千上万细微声响 耳语般的话 地板吱呀 都被噪音盖住,"Digamos, en la ciudad te acostumbras inconsciente a su zumbido permanente, dejas de sentirlo, no notas cientos de miles de sonidos elusivos, palabras susurradas, o crujidos del suelo que él ahoga","Quero dizer, na cidade você inconscientemente se acostuma com o zumbido permanente dela, para de sentir, não percebe centenas e milhares de sons fugidios, palavras faladas em sussurro, ou rangidos do assoalho que ela abafa","Ich will sagen, in der Stadt gewöhnt man sich unbewusst an ihr permanentes Summen, hört auf, es zu spüren, bemerkt nicht die Hunderte und Tausende entfliehender Geräusche, im Flüsterton gesprochener Worte oder des Knarrens der Dielen, die es übertönt",つまりな、街ではお前は無意識にその絶え間ない雑音に慣れ、それを感じるのをやめ、それがかき消す数百、数千の逃げ去る音、囁きで発せられた言葉、あるいは床板のきしみに気づかなくなる,"Je veux dire, en ville tu t'habitues inconsciemment à son bourdonnement permanent, tu cesses de le sentir, tu ne remarques pas les centaines et milliers de sons fuyants, les mots prononcés en chuchotant, ou les craquements du plancher qu'il couvre","Ja chcę powiedzieć, w mieście ty nieświadomie oswajasz się z jego permanentnym humem, przestajesz odczuwać go, nie zauważasz setek i tysięcy uciekających dźwięków, wypowiedzianych szeptem słów, albo skrzypień deski podłogowej, które on zagłusza","내 말은, 도시에서는 무의식적으로 그 끊이지 않는 굉음에 익숙해져서, 그걸 느끼는 걸 멈추고, 그것이 잡아버리는 수백, 수천 개의 스쳐 지나가는 소리, 속삭임으로 말해진 단어, 혹은 마루 바닥의 삐걱거림을 알아채지 못한다는 거야","Demek istediğim, şehirde bilinçsizce onun kalıcı uğultusuna alışıyorsun, onu hissetmeyi bırakıyorsun, bastırdığı yüzlerce, binlerce kaçan sesi, fısıldanan sözleri veya yer tahtasının gıcırtılarını fark etmiyorsun","Voglio dire, in città ti abitui inconsciamente al suo ronzio permanente, smetti di percepirlo, non noti centinaia e migliaia di suoni sfuggenti, parole pronunciate in un sussurro, o scricchiolii del pavimento che esso copre","Azt akarom mondani, a városban öntudatlanul hozzászoksz az állandó zúgásához, megszűned érezni, nem veszel észre százával, ezrével elillanó hangokat, suttogva kimondott szavakat, vagy a padló recsegését, amit elnyom"
34.0,v_lesu_ge,"В лесу же, в лесу ты осязаешь даже собственное сердцебиение","In the forest, in the forest you can even feel your own heartbeat",森林里 甚至能听见自己心跳,"En el bosque, en el bosque hasta sientes tu propio latido","Na floresta, no entanto, na floresta você sente até a própria batida do coração","Im Wald hingegen, im Wald spürt man sogar den eigenen Herzschlag",森では、森ではお前は自身の鼓動さえ感じ取る,"Dans la forêt, en revanche, dans la forêt tu perçois même ton propre battement de cœur","W lesież, w lesie ty dotykasz nawet własnego bicia serca","숲에서는, 숲에서는 너는 자신의 심장박동조차 느껴","Ormanda ise, ormanda kendi kalp atışını bile hissedebiliyorsun","Nella foresta, invece, nella foresta percepisci persino il proprio battito cardiaco","Az erdőben viszont, az erdőben még a saját szívverésed is megérinted"
35.0,eto_woshishaet_esli,"Это восхищает, если ты достаточно здоров чтобы слушать, и сказывается крайне тлетворно, при необходимости заглушить мысли ","It's sublime, if you are healthy enough to listen, but turns utterly pernicious, when there's a need to drown out thoughts",若你足够健康去聆听 这很美妙 若需压抑思绪 便极有害,"Es sublime, si estás bastante sano para escuchar, y resulta utterly pernicioso, al necesitar ahogar pensamientos","Isso é admirável, se você tá saudável o suficiente pra ouvir, e se revela extremamente nocivo, quando precisa abafar os pensamentos","Das ist bewundernswert, wenn man gesund genug ist, um zuzuhören, und wirkt sich äußerst schädlich aus, wenn man Gedanken unterdrücken muss",これは素晴らしい、聴くのに十分健康であればな、そして考えを打ち消す必要がある時には、極めて有害に作用する,"C'est admirable, si tu es assez sain pour écouter, et cela se révèle extrêmement pernicieux, quand on a besoin d'étouffer ses pensées","To zachwyca, jeśli ty dość zdrowy by słuchać, i odbija się krańcowo trująco, przy konieczności zagłuszyć myśli","이건 훌륭해, 들을 만큼 건강하다면 말이지, 그리고 생각을 잊어야 할 필요가 있을 때는 극히 해롭게 작용해","Bu dinlemek için yeterince sağlıklıysan hayranlık verici, ve düşünceleri bastırman gerektiğinde son derece zararlı etkileri oluyor","Questo è ammirevole, se sei abbastanza sano da ascoltare, e si rivela estremamente nocivo, quando c'è bisogno di soffocare i pensieri","Ez csodálatos, ha eléggé egészséges vagy a hallgatáshoz, és rendkívül károsan hat, ha el kell nyomni a gondolatokat"
36.0,mmm,Ммм...,Mmm...,嗯...,Mmm...,Mmm...,Mmm...,うーん…,Mmm...,Mmm...,음...,Mmm...,Mmm...,Mmm...
37.0,da_da_mugik_nesomnenno,"Да, да мужик, несомненно","Yes, yes man, undoubtedly",是 是 老兄 当然,"Sí, sí hombre, sin duda","Sim, sim, cara, sem dúvida","Ja, ja, Mann, zweifellos",ああ、そうだな、間違いない,"Ouais, ouais mec, sans aucun doute","Tak, tak chłop, niewątpliwie","그래, 그래, 당연하지","Evet, evet adamım, şüphesiz","Sì, sì, amico, senza dubbio","Igen, igen, haver, kétségtelenül"
38.0,tak_vot_o_chem_bish_ya,"Так вот, о чём бишь я?","So, what was I on about?",我刚说哪了？,"Entonces, ¿de qué hablaba?","Então, do que é que eu tava falando?","Also, wovon war ich am Reden?",そうそう、何の話だったっけ？,"Alors, de quoi est-ce que je parlais, déjà ?","Tak więc, o czymże ja?","그러니까, 내가 무슨 말을 하려던 거지?","Şimdi, ne hakkında konuşuyordum?","Allora, di che cosa stavo parlando?","Szóval, miről is beszéltem?"
39.0,ah_da_eta_washa_pochti_neludimaya_otchugdennost,"Ах, да, эта ваша почти нелюдимая отчуждённость...","Ah, yes, this your almost unsociable aloofness...",啊 对 你们这近乎孤僻的疏离...,"Ah, sí, esta su casi insociable lejanía...","Ah, sim, esse seu distanciamento quase antissocial...","Ach, ja, diese Ihre fast ungesellige Entfremdung...",ああ、そうだ、この君たちのほとんど人嫌いな疎遠さ…,"Ah, oui, votre espèce d'éloignement presque insociable...","Ach, tak, ta wasza prawie nieludzka odosobniona odciętość...","아, 맞다, 이 당신들의 거의 비사회적인 무관심...","Ah, evet, sizin bu neredeyse insanlık dışı yabancılaşmanız...","Ah, sì, questo vostro distacco quasi asociale...","Á, igen, ez a ti majdnem emberkerülő elidegenedettségetek..."
40.0,vy_vdoem_luchshyi_iz_duetov,Вы вдвоём лучший из дуэтов и всё такое,You two are the best of duets and all that,天作之合 诸如此类,Ustedes dos el mejor dúo y todo eso,Vocês dois são a melhor dupla e tudo mais,Ihr zwei seid das beste Duett und all das,二人は最高のデュエットだとかそんなこと,Vous formez le meilleur des duos et tout ça,Wy we dwoje najlepszy z duetów i wszystko takie,둘이서 최고의 듀엣이니 뭐니,Siz ikiniz en iyi ikili falan,Voi due siete il miglior duo e tutto quanto,Ti ketten vagytok a legjobb duó és minden ilyesmi
41.0,semeyana_idillia,"Семейная идиллия, домашний очаг, будущее гнездо славных ребятишек ","Family idyll, domestic hearth, future nest of glorious youngsters ",家庭美满 家园温馨 未来优秀孩子的摇篮,"Idilia familiar, hogar doméstico, futuro nido de jóvenes gloriosos","Idílio familiar, lar doméstico, futuro ninho de crianças maravilhosas","Familienidyll, häuslicher Herd, zukünftiges Nest prächtiger Kinder",家庭の理想郷、家族の炉辺、立派な子供たちの未来の巣,"L'idylle familiale, le foyer domestique, le futur nid de braves gosses","Rodzinna idylla, domowe ognisko, przyszłe gniazdo sławnych dzieciaków","가정의 화목, 가정의 화로, 훌륭한 아이들의 미래 보금자리","Aile idili, ev ocağı, geleceğin şanlı çocuklarının yuvası","Idillio familiare, focolare domestico, futuro nido di splendidi bambini","Családi idill, otthoni tűzhely, jövendő fészek derék gyermekeknek"
42.0,no_znaesh_kak_by_tam_ne_bylo,"Но, послушай, как бы там ни было, такое непподельное рвение, желание побега...","But, listen, no matter what, this unyielding zeal, this desperate to escapism... ",但听着 无论如何 这般执着的逃离...,"Pero, escucha, pese a todo, este afán de escape...","Mas, olha, de qualquer forma, um zelo tão desmedido, essa vontade de fuga...","Aber, hör zu, wie auch immer, solch ungebührlicher Eifer, dieses Verlangen zu fliehen...",だが、聞いてくれ、どうであれ、そんな並外れた熱意、逃避への願望は…,"Mais, écoute, quoi qu'il en soit, une telle ardeur indue, ce désir de fuite...","Ale, posłuchaj, jakby tam nie było, taki nienaturalny zapał, pragnienie ucieczki...","하지만, 들어 봐, 어쨌든, 그런 보통 아닌 열의, 도피에 대한 욕망은...","Ama, dinle, her neyse, böyle aşırı bir heves, kaçma arzusu...","Ma, senti, comunque sia, un tale zelo smodato, questo desiderio di fuga...","De, figyelj, akárhogy is, egy ilyen mértéktelen buzgóság, a menekülés vágya..."
43.0,ono_slegka_nastoragivaet,Оно... оно слегка настораживает,It... it slightly disconcerting,实在...令人不安,Es... es ligeramente inquietante,Isso... isso me preocupa um pouco,Es... es beunruhigt mich leicht,それは…それは少し不安を覚えるよ,Ça... ça m'inquiète un peu,Ono... ono nieco niepokoi,그게... 그게 좀 불안하게 해,O... beni biraz endişelendiriyor,Esso... esso mi preoccupa leggermente,Ez... ez enyhén aggaszt
44.0,ty_nadymivaesh_my_prosto,"Ты надумываешь, мы просто всегда мечтали о уединении","You're overthinking, we just always dreamed of little seclusion",你想多了 我们只是向往清净,"Te lo inventas, siempre soñamos con retiro","Você tá viajando, a gente sempre sonhou com solidão, só isso","Du denkst zu viel nach, wir haben einfach immer von Abgeschiedenheit geträumt",考えすぎだよ、私たちはただずっと孤独を夢見てきただけ,"Tu te fais des idées, on a toujours rêvé de solitude, c'est tout","Ty nadmyślasz, my po prostu zawsze marzyliśmy o odosobnieniu","넌 과민 반응이야, 우린 그냥 항상 고독을 꿈꿔 왔을 뿐이야","Fazla düşünüyorsun, biz sadece her zaman yalnızlık hayali kurduk, hepsi bu","Ti stai facendo delle idee, abbiamo sempre sognato la solitudine, tutto qui","Túlgondolod, mi mindig is a magányról álmodtunk, ennyi"
45.0,puskai_no_znachit_li_eto,"Пускай, но значит ли это что надо жить в сраном лесу, в десятке километров от ближайшего города, проникаясь этой псевдоинтеллектуальной ебаниной отшельника?","Maybe so, but must one live in a goddamn forest, miles from town, embracing this pseudo-intellectual bullshit of a hermit?",就算这样 非得住在该死的森林 离城十里 沉浸于隐士的伪知识分子扯淡？,"Quizá, pero ¿significa vivir en un maldito bosque, a decena de km de la ciudad, abrazando esta mierda pseudo-intelectual de ermitaño?","Tudo bem, mas isso significa que tem que viver numa porra de uma floresta, a uma dezena de quilômetros da cidade mais próxima, se impregnando dessa merda pseudo-intelectual de um eremita?","Mag sein, aber heißt das, dass man in einem scheiß Wald leben muss, zehn Kilometer von der nächsten Stadt entfernt, und diese pseudo-intellektuelle Scheiße eines Einsiedlers in sich aufnehmen?",そうだろう、だがだからってクソみたいな森に、最寄りの街から数十キロも離れて、この隠者の疑似知識人のでたらめに浸りながら生きなければならないのか？,"Soit, mais est-ce que ça signifie qu'il faut vivre dans une putain de forêt, à une dizaine de kilomètres de la ville la plus proche, en s'imprégnant de ces conneries pseudo-intellectuelles d'ermite ?","Niechaj, ale czy znaczy to że trzeba żyć w skurwysynskim lesie, w dziesiątku kilometrów od najbliższego miasta, przenikając się tą pseudointelektualną jebaniną pustelnika?","그래, 하지만 그래서 씨발 같은 숲에서, 가장 가까운 도시에서 수십 킬로미터나 떨어져서, 이 은자의 유사 지적 헛소리에 젖어 살아야 한다는 뜻이냐?","Kabul, ama bu siktirimin ormanında, en yakın şehirden on kilometre uzakta, bir münzevinin bu sahte-entellektüel saçmalığına kendini kaptırarak yaşamamız gerektiği anlamına mı geliyor?","Va bene, ma significa che si deve vivere in una cazzo di foresta, a una decina di chilometri dalla città più vicina, impregnandosi di queste cazzate pseudo-intellettuali da eremita?","Legyen, de ez azt jelenti, hogy egy rohadt erdőben kell élni, tíz kilométerre a legközelebbi várostól, átitatva magunkat ennek a remetének a ál-intellektuális baromságával?"
46.0,i_chto_ne_menee_vagno,"И что не менее важно, значит ли это что отныне я каждое утро должен доставлять вам кофе, как ёбанный курьер? ","And no less important, does it mean that from now on I have to deliver coffee to you every morning, like a fucking courier?",更重要的 难道我今后每天早晨都得像他妈外卖员给你们送咖啡？,"Y no menos importante, ¿significa que debo traerles café cada mañana, como un jodido mensajero?","E igualmente importante, isso significa que de agora em diante eu tenho que entregar café pra vocês toda manhã, que nem um fodido entregador?","Und ebenso wichtig, heißt das, dass ich von nun an jeden Morgen Kaffee zu euch bringen muss, wie ein verdammter Kurier?",そして同様に重要なのは、だからって今後私は毎朝、クソみたいな配達員のように君たちにコーヒーを届けなければならないのか？,"Et tout aussi important, est-ce que ça signifie que désormais je dois vous livrer du café chaque matin, comme un putain de coursier ?","I co nie mniej ważne, czy znaczy to że odtąd ja każdego rana mam dostarczać wam kawę, jak jebany kurier?","그리고 그만큼 중요한 건, 그래서 이제부터 내가 매일 아침, 빌어먹을 배달원처럼 너희에게 커피를 전해 줘야 한다는 뜻이냐?","Ve aynı derecede önemli olarak, bu artık her sabah size kahve getirmem gerektiği anlamına mı geliyor, lanet bir kurye gibi?","E non meno importante, significa che d'ora in poi devo portarvi il caffè ogni mattina, come un fottuto corriere?","És ugyanolyan fontosan, ez azt jelenti, hogy mostantól minden reggel kávét kell szállítanom nektek, mint egy kibaszott futár?"
47.0,eto_ne_prosto_kofe,"Это не просто кофе, Дим","It's not just coffee, Dim",不只是咖啡 迪姆,"No es solo café, Dim","Isso não é só café, Dim","Das ist nicht einfach Kaffee, Dim",これはただのコーヒーじゃない、ディム,"Ce n'est pas juste du café, Dim","To nie po prostu kawa, Dim","이건 그냥 커피가 아니야, 딤","Bu sadece kahve değil, Dim","Non è solo caffè, Dim","Ez nem csak kávé, Dim"
48.0,eto_lubimoe_kofe_v_postel_dlya_moei_lubimoy,"Это любимое кофе, в постель для моей любимой","It's the favorite coffee, in bed for my favorite",是送床前 给我最爱的人 她最爱的咖啡,"Es el café favorito, en cama para mi favorita","É o café favorito, na cama para a minha amada","Das ist der Lieblingskaffee, ins Bett für meine Geliebte",これは最爱のコーヒー、私の最爱のためのベッドの中へだ,"C'est le café préféré, au lit, pour ma bien-aimée","To ulubiona kawa, do łóżka dla mojej ulubionej","이건 가장 좋아하는 커피, 내 가장 사랑하는 사람을 위한 침대 안으로다","Bu sevdiğimin favori kahvesi, yatağına","È il caffè preferito, a letto per la mia amata","Ez a kedvenc kávé, ágyba a kedvencemnek"
49.0,ladno_spasibo_mugik,"Ладно, спасибо мужик, серьёзно","Alright, thanks man, seriously",好吧 谢了 老兄 真心的,"Vale, gracias hombre, en serio","Beleza, valeu mesmo, cara, sério","Okay, danke, Mann, ernsthaft",わかった、ありがとう、本当に,"D'accord, merci mec, sérieusement","Dobra, dziękuję chłop, serio","알았어, 고마워, 진심으로","Tamam, sağ ol adamım, cidden","Va bene, grazie, amico, seriamente","Jó, köszi, haver, komolyan"
50.0,i_net_ne_dolgnen_konechno,"И нет, не должен конечно, не парься ","And no, of course you do not, don't worry ",不 当然不用 别在意,"Y no, claro que no, no te preocupes","E não, não precisa, claro, não se preocupa","Und nein, musst du natürlich nicht, mach dir keine Sorgen",そしてもちろん、そうする必要はない、心配するな,"Et non, bien sûr que tu ne dois pas, ne t'inquiète pas","I nie, nie powinienem oczywiście, nie przejmuj się","그리고 아니, 물론 그래야 하는 건 아니야, 신경 쓰지 마","Ve hayır, gerek yok elbette, sıkıntı yapma","E no, non devi, certo, non preoccuparti","És nem, nem kell, persze, ne aggódj"
51.0,zdes_v_minutax_30,"Здесь в минутах 30 не то заправка не то продуктовый, местные дачники закупаются в ней","There's a gas station or grocery store about 30 minutes away, the locals shop in it",三十分钟车程有个加油站兼杂货店 本地人都去,"Hay a 30 minutos una gasolinera o tienda, los locales compran allí","Aqui a uns 30 minutos tem um posto ou um mercadinho, os veranistas locais fazem compras lá","Hier in etwa 30 Minuten gibt es entweder eine Tankstelle oder einen Lebensmittelladen, die lokalen Wochenendbewohner kaufen dort ein",ここから30分くらいの所にガソリンスタンドか食料品店がある、地元の住民はそこで買い物する,"Ici à environ 30 minutes il y a soit une station-service soit une épicerie, les résidents locaux y font leurs courses","Tutaj w minutach 30 nie to stacja nie to spożywczy, miejscowi działkowicze zaopatrują się w niej","여기서 30분쯤 거리에 주유소나 식료품점이 있어, 현지 주민들은 거기서 장을 봐","Burada 30 dakika uzakta bir benzin istasyonu ya da bakkal var, yerel yaz sakinleri oradan alışveriş yapıyor","Qui a circa 30 minuti c'è o un distributore o un alimentari, i locali villeggianti ci fanno la spesa","Itt 30 percnyire van vagy egy benzinkút vagy egy élelmiszerbolt, a helyi nyaralók ott vásárolnak"
52.0,to_est,То есть,That is,所以,Es decir,Ou seja,Das heißt,つまり,C'est-à-dire,To jest,그러니까,Yani,Cioè,Azaz
53.0,ty_hochesh_skazat,Ты хочешь сказать,You want to say,你是说,Quieres decir,Você quer dizer,Du willst sagen,言いたいのは,Tu veux dire,Ty chcesz powiedzieć,말하고 싶은 건,Diyorsun ki,Vuoi dire,Azt akarod mondani
54.0,u_tebya_zdes_est_magazin_pod_bokom,"У тебя здесь есть магазин под боком, что не помешало потребовать от меня полтора часа моей утренней, сладкой, размеренной жизни, потраченной на преодоление лесных ухабов и кочек?","You've got a shop right here, which didn't prevent you from demanding from me an hour of my morning, sweet, measured life, spent on overcoming forest potholes and bumps?",你附近就有商店 却让我浪费清早一个半小时 颠簸跋涉？,"Tienes una tienda aquí mismo, ¿y me hiciste perder hora y media de mi dulce mañana, superando baches y hoyos?","Você tem uma loja bem aqui do lado, o que não impediu você de me cobrar uma hora e meia da minha vida matinal, doce, serena, gasta superando buracos e lombadas da floresta?","Du hast einen Laden direkt in der Nähe, was dich nicht davon abgehalten hat, von mir eineinhalb Stunden meines morgendlichen, süßen, gemessenen Lebens zu verlangen, die ich damit verbracht habe, Waldschlaglöcher und Unebenheiten zu überwinden?",目の前に店があるのに、それでも私に、森の穴や凸凹を乗り越えるために費やした、私の朝の、甘く、計りられた人生の一時間半を要求することを妨げなかったのか？,"Tu as un magasin juste à côté, ce qui ne t'a pas empêché de m'exiger une heure et demie de ma vie matinale, douce, mesurée, passée à surmonter les ornières et les bosses de la forêt ?","U ciebie tutaj jest sklep pod bokiem, co nie przeszkodziło żądać ode mnie półtorej godziny mojego poranka, słodkiego, ustalonego życia, straconej na pokonywanie leśnych wybojów i kolein?","네 바로 옆에 가게가 있는데, 그게 숲의 움푹 팬 곳과 멍울을 극복하는 데 쓴, 내 아침의, 달콤하고, 안정된 인생의 한 시간 반을 나한테 요구하는 걸 막지 못했다는 거냐?","Yanı başında bir dükkanın var, bu seni sabahımın, tatlı, ölçülü hayatımın bir buçuk saatini orman çukurlarını ve tümseklerini aşmak için harcadığımı talep etmekten alıkoymadı mı?","Hai un negozio proprio qui a portata di mano, il che non ti ha impedito di esigere da me un'ora e mezza della mia vita mattutina, dolce, misurata, spesa a superare buche e dossi della foresta?","Van egy boltod itt a közelben, ami nem akadályozta meg, hogy követelj tőlem másfél órányi reggeli, édes, mérsékelt életemet, amit az erdei kátyúk és dudorok legyőzésére pazaroltam?"
55.0,v_nem_ge_net_ee_lubimogo_kofe,"В нём же нет её любимого кофе, Дим","Well, it doesn't have her favorite coffee, Dim",那儿没她爱的咖啡 迪姆,"Pues no tiene su café favorito, Dim","Lá não tem o café favorito dela, Dim","Dort gibt es aber ihren Lieblingskaffee nicht, Dim",そこには彼女の最爱のコーヒーはない、ディム,"Il n'y a pas son café préféré dedans, Dim","W nimże nie ma jej ulubionej kawy, Dim","거기엔 그녀가 가장 좋아하는 커피가 없어, 딤","Onda onun favori kahvesi yok, Dim","Lì non c'è il suo caffè preferito, Dim","Nincs benne a kedvenc kávéja, Dim"
56.0,chertov_ubludok_mudak_blyat,"Чёртов ублюдок, мудак бессовестный ","Goddamn bastard, shameless asshole",天杀的 无耻混账,"Maldito bastardo, cabrón sinvergüenza","Desgraçado do caralho, otário sem vergonha","Verdammter Bastard, schamloser Arschloch",クソったれの、図々しいろくでなし,"Espèce d'enculé du diable, connard sans vergogne","Jebany dran, dupek bezwstydny","빌어먹을 자식, 철면피한 개자식아","Lanet olası piç, yüzsüz şerefsiz","Maledetto bastardo, stronzo sfrontato","Átkozott fattyú, szégyentelen fasz"
57.0,na_etoy_nedele_planiroval,"На этой неделе планировал в город сгонять, закупиться про запас, давай свожу тебя куда-то за свой счёт ","Was gonna hit the city this week, wanna stock up. Let me take you somewhere on my dime ",本来这周要进城囤货 我请你,"Iba a ir a la ciudad esta semana, abastecerme, invito yo","Eu tava planejando ir na cidade essa semana, estocar, deixa eu te levar em algum lugar, por minha conta","Ich hatte diese Woche vor, in die Stadt zu fahren, Vorräte zu kaufen, lass mich dich irgendwohin ausführen, auf meine Kosten",今週中に街に行って、まとめ買いする予定だった、どこか連れて行く、私のおごりだ,"Je comptais aller en ville cette semaine, faire des provisions, laisse-moi t'emmener quelque part à mes frais","Na tym tygodniu planowałem do miasta poganiać, zakupić się na zapas, no zawiozę cię gdzieś na mój koszt","이번 주에 도시에 가서, 비축해 둘 걸 사려고 계획했었어, 어딜 데려가 줄게, 내가 쏠게","Bu hafta şehre gidip stok yapmayı planlıyordum, hadi seni bir yere götüreyim, benden","Avevo in programma di andare in città questa settimana, fare scorta, lascia che ti porti da qualche parte, a mie spese","Ezen a héten terveztem beugrani a városba, bevasárolni tartaléknak, hadd vigyelek el valahova, az én költségemre"
58.0,eshe_kak_svodish_ne_somnevaisya,"Ещё как сводишь, не сомневайся","You will, don't doubt it",必须的 等着,"Ya lo creo, no dudes","E como você vai levar, não duvida","Und ob du mich ausführen wirst, zweifle nicht daran",もちろん連れて行けよ、疑うな,"Et comment que tu m'emmèneras, n'en doute pas","Jeszcze jak zawiozę, nie wątp","물론 데려가, 의심하지 마","Nasıl götüreceksin, hiç şüphen olmasın","E come ci andrai, non dubitarne","Hogy fogsz, ne is kételkedj"
59.0,seichas_zaidesh,Сейчас зайдёшь?,Coming now?,现在进来？,¿Entras?,Vai entrar agora?,Kommst du jetzt rein?,今入るか？,Tu viens maintenant ?,Teraz wejdziesz?,지금 들릴까?,Şimdi gelecek misin?,Entri ora?,Beszállsz most?
60.0,ne_pogliagu_zdes,"Не, погляжу здесь и без меня своим чередом","Nah, I'll watch how things go here without me",不 我看看这儿没我咋样,"No, veré cómo sigue aquí sin mí","Nã, vou ver como fica aqui sem mim","Nee, ich schaue hier, wie es ohne mich seinen Gang geht",いや、ここで私なしで物事が進むのを見てるよ,"Nan, je vais voir comment ça se passe ici sans moi","Nie, popatrzę tutaj i beze mnie swoim porządkiem","아니, 여기서 내 없이 일이 진행되는 지 보지 뭐","Hayır, burada bensiz kendi halinde nasıl gittiğine bakacağım","No, guarderò come va qui senza di me","Nem, megnézem, itt nélkülem is halad a maga útján"
61.0,horosho_doehat_drug,"Хорошо доехать, дружище","Have a good trip, buddy",一路顺风 兄弟,"Buen viaje, colega","Boa viagem, camarada","Gute Fahrt, Kumpel",良い旅を、相棒,"Bon voyage, mon pote","Dobrze dojechać, przyjacielu","좋은 여정 되라, 친구","İyi yolculuklar, dostum","Buon viaggio, amico","Jó utat, cimbora"
62.0,svidimsya,Свидимся,See you,回见,Nos vemos,Até mais,Wir sehen uns,またな,À plus,Zobaczymy się,나중에 보자,Görüşürüz,Ci vediamo,Viszlát
63.0,nado_poskorei_zapolnit_dom_zapahom,"Надо поскорей заполнить дом запахом её кофе, пока не проснулась","Need to quickly fill the house with the smell of her coffee, before she wakes up",得在她醒前让屋子飘满咖啡香,"Debo llenar la casa con su olor a café, antes de que despierte","Preciso encher a casa com o cheiro do café dela logo, antes que ela acorde","Ich muss das Haus schnell mit dem Geruch ihres Kaffees füllen, bevor sie aufwacht",彼女が起きる前に、家を彼女のコーヒーの香りで早く満たさなきゃ,"Il faut que je remplisse la maison de l'odeur de son café vite fait, avant qu'elle ne se réveille","Muszę czymprędzej wypełnić dom zapachem jej kawy, póki nie obudziła się","그녀가 일어나기 전에, 집을 그녀의 커피 냄새로 빨리 채워야 해",O uyanmadan evi onun kahve kokusuyla doldurmam lazım,"Devo riempire la casa con l'odore del suo caffè al più presto, prima che si svegli","Gyorsan meg kell töltenem a házat a kávéja illatával, mielőtt felébred"
64.0,zabyl_krugku,Забыл кружку,Forgot the mug,忘拿杯子,Olvidé la taza,Esqueci a caneca,Tasse vergessen,マグカップを忘れた,J'ai oublié la tasse,Zapomniałem kubek,머그잔을 잊었어,Bardak unuttum,Dimenticato la tazza,Elfelejtettem a bögrét
65.0,othodnik_podi_zabilsya,"Отходник, поди, забился","The shitter, probably, is clogged",妈的 马桶堵了,"El retrete, seguro, atascado","O vaso, provavelmente, entupiu","Das Klo, wahrscheinlich, ist verstopft",トイレは、多分、詰まってる,"Les chiottes, probablement, sont bouchées","Odchodnik, chyba, zabił się","화장실은, 아마, 막혔겠지","Tuvalet, galiba, tıkandı","Il cesso, probabilmente, si è intasato","A klotyó, talán, eldugult"
66.0,ne_mogu_ostavit_lugu_vot_tak,Не могу оставить лужу вот так,Can't leave a puddle like that,不能留滩水在这儿,No puedo dejar un charco así,Não posso deixar uma poça assim,Kann so eine Pfütze nicht lassen,こんなに水たまりを残せない,Je peux pas laisser une flaque comme ça,Nie mogę zostawić kałuży tak,이렇게 물웅덩이를 둘 수 없어,Böyle bir su birikintisi bırakamam,Non posso lasciare una pozza così,Nem hagyhatok így egy pocsolyát
67.0,chai_vse_eshe_luchshe,"Чай всё ещё лучше, но эти Ирландские сливки взаправду восхитительно пахнет","Tea is still better, but this Irish cream   smells truly wonderful",茶还是更好 但这爱尔兰奶油闻着真绝,"El té sigue mejor, pero estas cremas irlandesas huelen maravilloso","O chá ainda é melhor, mas esse creme irlandês cheira realmente maravilhosamente","Tee ist immer noch besser, aber diese irische Sahne riecht wirklich wunderbar",紅茶はまだましだ、だがこのアイリッシュクリームは本当に素晴らしく香る,"Le thé est toujours meilleur, mais cette crème irlandaise sent vraiment merveilleusement bon","Herbata jeszcze lepsza, ale te Irlandzkie śmietanki naprawdę zachwycająco pachną","차가 여전히 나아, 하지만 이 아이리시 크림은 정말 환상적으로 냄새가 나","Çay hala daha iyi, ama bu İrlanda kreması gerçekten harika kokuyor","Il tè è ancora meglio, ma questa panna irlandese profuma davvero meravigliosamente","A tea még mindig jobb, de ez az ír krémes tényleg csodásan illatozik"
68.0,razdetsia,Раздеться,Undress,脱衣服,Desnudarse,Tirar a roupa,Sich ausziehen,脱ぐ,Se déshabiller,Rozebrać się,벗어,Soyunmak,Spogliarsi,Levetkőzni
69.0,spat,Спать,Sleep,睡觉,Dormir,Dormir,Schlafen,眠る,Dormir,Spać,자다,Uyumak,Dormire,Aludni
70.0,sohraniat_produktivnost_ne_poddavatsia_emoziam,"Сохранять продуктивность, не поддаваться эмоциям, беречь разум и готовиться к лучшему","Maintain productivity, don't give in to excitement, preserve the mind and prepare for the best",保持效率 克制情绪 清醒头脑 准备迎接美好,"Mantener productividad, no ceder a emociones, guardar razón y prepararse para lo mejor","Manter a produtividade, não ceder às emoções, preservar a razão e se preparar para o melhor","Produktivität bewahren, sich nicht Emotionen hingeben, den Verstand bewahren und sich auf das Beste vorbereiten",生産性を維持し、感情に屈せず、精神を守り、最善に備えよ,"Maintenir la productivité, ne pas céder aux émotions, préserver la raison et se préparer au meilleur","Zachowywać produktywność, nie poddawać się emocjom, chronić rozum i przygotowywać się do najlepszego","생산성을 유지하고, 감정에 굴하지 말고, 정신을 보존하고, 최선을 준비해","Verimliliği korumak, duygulara yenik düşmemek, aklı korumak ve en iyisi için hazırlanmak","Mantenere la produttività, non cedere alle emozioni, preservare la ragione e prepararsi al meglio","Megőrizni a produktivitást, nem megadni magad az érzelmeknek, megőrizni az elmét és felkészülni a legjobbra"
71.0,kakoy_ge_eto_smehotvorno_blevotnyi_fars,Какой же это смехотворно блевотный фарс,What a laughably vomit-inducing farce this is,多么可笑令人作呕的闹剧,Qué farsa risiblemente vomitiva,Que farsa ridícula e vomitória,"Was für ein lächerlich, zum Kotzen komisches Farce",何てこっけいで吐き気を催す茶番だ,Quelle farse ridiculement vomitive,Jakiż to śmiesznie obrzydliwy faras,얼마나 우습고 구역질 나는 속임수야,"Ne kadar gülünç, iğrenç bir komedi bu",Che farsa ridicola e nauseabonda,Milyen nevetségesen hányingeres farce ez
72.0,prosto_prodolgai_git,Просто продолжай жить,Just keep living,继续活着就行,Solo sigue viviendo,Só continua vivendo,Leb einfach weiter,ただ生き続けろ,Continue simplement de vivre,Po prostu kontynuuj życie,그냥 계속 살아,Sadece yaşamaya devam et,Semplicemente continua a vivere,Csak élj tovább
73.0,mulyi,Милый?,Sweetie?,亲爱的？,¿Cariño?,Querido?,Schatz?,あなた？,Chéri ?,Miły?,여보?,Sevgili?,Caro?,Drágám?
74.0,da_rodnaya,Да родная,"Yes, dear",嗯 宝贝,"Sí, vida","Sim, minha querida","Ja, Liebste",何だい、愛しい人,Oui ma chère,Tak rodzony,"왜야, 자기야","Evet, hayatım","Sì, cara","Igen, drága"
75.0,govorish_eto_biografichno_dlya_etogo,Говоришь это биографично для этого...как его?,You saying this is biographical for this... what's his name? ,你说这是...他叫啥的传记？,¿Dices que es biográfico para este... cómo se llama?,Tá falando que isso é biográfico pra aquele... como é o nome dele?,"Sagst du, das ist biografisch für diesen... wie heißt er?",それってこの…何ていうの…の伝記的事実なの？,Tu dis que c'est biographique pour ce... comment il s'appelle ?,Mówisz to biograficznie dla tego...jak jego?,그거 이... 뭐라지... 의 전기적인 사실이야?,Bunun biyografik olduğunu mu söylüyorsun... adı neydi?,Stai dicendo che è biografico per quello... come si chiama?,"Azt mondod, ez életrajzi adat ehhez... hogy is hívják?"
76.0,nu_on_on_bil_genat_kogda_to,"Ну, он... он был женат, когда-то","Well, he... he was married, once upon a time",他...结过婚 曾经,"Bueno, él... estuvo casado, una vez","Bom, ele... ele era casado, antigamente","Na, er... er war verheiratet, früher",ええと、彼…彼はかつて、結婚してた,"Eh bien, il... il était marié, autrefois","No, on... on był żonaty, kiedyś","음, 걔... 걔는 예전에, 결혼했었어","Şey, o... bir zamanlar evliydi","Beh, lui... lui era sposato, una volta","Hát, ő... ő házas volt, valamikor"
77.0,vse_kak_odin_tverdiat_mne,"Все, как один, твердят мне","Everyone, as one, tells me",所有人都告诉我,"Todos, como uno, me dicen","Todos, em coro, me dizem",Alle wie aus einem Mund sagen mir,皆が口を揃えて私に言う,"Tous, comme un seul homme, me répètent","Wszyscy, jak jeden, powtarzają mi",다 똑같이 내게 말해,"Herkes, ağız birliği etmişçesine, bana söylüyor","Tutti, come uno, mi dicono","Mindenki, egy szájjal, mondja nekem"
78.0,no_chto_esli_ya_ne_mogu,Но что если я не могу,But what if I can't,可我做不到,Pero qué si no puedo,Mas e se eu não consigo,"Aber was, wenn ich nicht kann",だがもし私にできないなら,Mais et si je ne peux pas,Ale co jeśli ja nie mogę,하지만 내가 못 한다면,Ama ya yapamazsam,Ma se non posso,De ha nem tudok
79.0,chto_mne_sdelat_s_soboi,Что мне сделать с собой,What can I do with myself,我该怎么办,Qué hacer conmigo,O que eu faço comigo mesmo,Was soll ich mit mir machen,自分をどうすればいい,Que puis-je faire de moi,Co mam zrobić z sobą,내 자신을 어떻게 해야 해,Kendime ne yapmalıyım,Cosa posso fare con me stesso,Mit tegyek magammal
80.0,est_li_reshenie_dlya_menia_esli,"Есть ли решение для меня, если ","Is there a solution for me, if",是否有解 如果,"Hay solución para mí, si","Tem uma solução pra mim, se","Gibt es eine Lösung für mich, wenn",私に解決策はあるのか、もし,"Existe-t-il une solution pour moi, si","Czy jest rozwiązanie dla mnie, jeśli","나를 위한 해결책이 있냐, 만약","Benim için bir çözüm var mı, eğer","C'è una soluzione per me, se","Van-e megoldás számomra, ha"
81.0,eti_giznoutvergdaushie_psihoseansi,"Эти жизнеутверждающие психосеансы, обнадёживающие пожалейки","These life-affirming psycho-sessions, these reassuring pity-fests",那些积极心理疗程 安慰怜悯,"Estas psico-sesiones vitalistas, estos consuelos compasivos","Essas psicosessões de afirmação da vida, esses peniquezinhos encorajadores","Diese lebensbejahenden Psychositzungen, diese ermutigenden Bemitleidungen",これらの人生肯定の心理セッション、希望を与える憐れみ,"Ces psycho-séances affirmant la vie, ces apitoiements encourageants","Te życieutwierdzające psychoseanse, pokrzepiające pocieszajki","이러한 긍정적인 심리 세션, 희망을 주는 동정","Bu hayatı onaylayan psiko-seanslar, umut veren acımalar","Queste psico-sedute che affermano la vita, queste compatimenti incoraggianti","Ezek az életigenlő pszichó ülések, biztató sajnálkozások"
82.0,lish_vivodyat,Лишь выводят,Just drive me,只会让我,Solo me llevan,Só,Bringen mich nur,ただ,Ne font que,Tylko wyprowadzają,그저,Sadece,Soltanto,Csak
83.0,do_belogo_kaleniya_suka_besiat,"До белого каления, сука, бесят ","To a white-hot rage, damn it, piss me off",怒不可遏 妈的 火大,"A rabia candente, me emputan","Me tiram do sério, porra, me irritam","Zur Weißglut, verdammt, machen mich wütend",激怒させる、クソ、頭にくる,"M'exaspérer, putain, m'énerver","Do białej czerwoności, suka, wkurwiają","백열화하게 만들어, 씨발, 화나","Beni çıldırtıyor, siktir, deli ediyor","Mi fanno imbestialire, cazzo, mi fanno arrabbiare","Vérlázítóan, baszd meg, felbosszantanak"
84.0,moy_neustanyi_rabontichek,"Мой неустанный работничек, ну как ты тут","My tireless little worker, how are you here",我的小劳模 在这干嘛呢,"Mi obrerito incansable, ¿cómo estás aquí?","Meu trabalhador incansável, e aí, como tá por aqui?","Mein unermüdlicher Arbeiter, na, wie geht's dir hier?",私の倦むことのない働き手、ここはどうだい,"Mon petit travailleur infatigable, alors comment ça va ici ?","Mój nieustanny pracowiczu, no jak ty tutaj","내 지칠 줄 모르는 일꾼, 여기는 어때","Benim yorulmak bilmeyen işçim, nasılsın burada?","Mio instancabile lavoratore, come te la passi qui?","Mi fáradhatatlan munkásom, na, hogy vagy itt?"
85.0,molchish_partizan,"Молчишь, партизан?","Quiet, partisan?",不说话 游击队员？,"¿Callado, partisano?","Calado, partisan?","Schweigst du, Partisan?",黙ってるのか、パルチザン？,"Tu te tais, partisan ?","Milczysz, partyzant?","침묵하는 거야, 빨치산?","Sessiz misin, partizan?","Stai zitto, partigiano?","Csöndben vagy, partizán?"
86.0,a_u_menya_toge_dlya_tebya_chto_to_est,А у меня для тебя тоже что-то есть!,And I have something for you too!,我也有东西给你！,¡Y yo también tengo algo para ti!,E eu também tenho uma coisa pra você!,Und ich habe auch etwas für dich!,私も君に何かあるよ！,Et moi aussi j'ai quelque chose pour toi !,A u mnie dla ciebie też coś jest!,나도 너를 위한 무언가가 있어!,Ve benim de senin için bir şeyim var!,E ho anche qualcosa per te!,És nekem is van valamim neked!
87.0,vozmogno_eto_ne_toge_samoe_chto_ty_delaesh,"Возможно это не тоже самое, что ты делаешь для меня, но...","Maybe it's not the same as what you do for me, but...",可能不如你给我的 但...,"Quizá no es lo mismo que tú haces por mí, pero...","Talvez não seja a mesma coisa que você faz por mim, mas...","Vielleicht ist es nicht dasselbe wie das, was du für mich tust, aber...",多分それは君が私のためにするのと同じものじゃない、だが…,"Peut-être que ce n'est pas la même chose que ce que tu fais pour moi, mais...","Możliwe to nie to samo, co ty robisz dla mnie, ale...","아마 그건 네가 나를 위해 하는 것과 같은 건 아니겠지만, 하지만...","Belki benim için yaptığın şeyle aynı şey değil, ama...","Forse non è la stessa cosa che tu fai per me, ma...","Talán nem ugyanaz, amit te teszel értem, de..."
88.0,ya_dolgen_pospat,Я должен поспать,I must sleep,我得睡觉,Debo dormir,Eu preciso dormir,Ich muss schlafen,私は眠らなければならない,Je dois dormir,Ja muszę przespać się,나는 자야 해,Uyumalıyım,Devo dormire,Aludnom kell
89.0,priamo_seichas,Прямо сейчас,Right now,就现在,Ahora mismo,Agora mesmo,Jetzt sofort,今すぐに,Tout de suite,Prosto teraz,지금 당장,Hemen şimdi,Proprio ora,Most azonnal
90.0,ei_mister_obeshay_zavtra_poluchitsia,"Эй, мистер обещаю-завтра-получится, изволите ли вы поднять свой зад и спуститься к жене?","Hey, Mister I-promise-it'll-work-out-tomorrow, would you deign to lift your ass and come down to your wife?","嘿 ""保证明天能完成""先生 可否屈尊挪驾下楼见妻子？","Oye, Señor prometo-mañana-saldrá, ¿dignaría alzar su culo y bajar a su esposa?","Ei, Senhor Eu-prometo-que-amanhã-vai-dar-certo, você se dignaria a levantar sua bunda e descer para sua esposa?","Hey, Mister Ich-verspreche-es-klappt-morgen, würden Sie so gut sein, Ihren Arsch zu heben und zu Ihrer Frau herunterzukommen?",おい、「明日はうまくいく」さん、その腰を上げて妻の元へ下りてくれますか？,"Hé, Monsieur Je-promets-que-demain-ça-marche, daignerez-vous lever votre cul et descendre vers votre femme ?","Hej, panie obiecuję-jutro-się-uda, raczysz-li podnieść swój tyłek i zejść do żony?","야, ""내일-은-될-거야"" 씨, 당신의 엉덩이를 들고 아내에게로 내려오시겠소?","Hey, Bay Yarın-Olacak-Sözü, kıçınızı kaldırıp karınızın yanına inmeyi lütfeder misiniz?","Ehi, Signor Prometto-che-domani-riuscirò, degnerebbe di alzare il suo culo e scendere da sua moglie?","Hé, Mister Ígérem-holnap-sikerülni-fog, méltóztatna felemelni a seggét és lejönni a feleségéhez?"
91.0,ya,Я...,I...,我...,Yo...,Eu...,Ich...,私…,Je...,Ja...,나...,Ben...,Io...,Én...
92.0,Gospodi_kak_ya_skuchau,"Господи, как я скучаю","God, how I've missed you",天 好想你,"Dios, cómo te extrañé","Meu Deus, como eu senti sua falta","Herrgott, wie ich dich vermisst habe",神様、どんなに恋しかったか,"Seigneur, comme tu m'as manqué","Boże, jak ja tęsknię","세상에, 얼마나 그리웠는지","Tanrım, seni ne kadar özledim","Dio, come mi sei mancato","Istenem, de hiányoztál"
93.0,Moy_polunochnyi_trudiaga_nakonez_prosnulsia,Мой полуночный трудяга наконец проснулся?,My midnight toiler has finally awakened?,我的午夜劳模终于醒了？,¿Mi trabajador nocturno al fin despierto?,Meu trabalhador da madrugada finalmente acordou?,Mein Mitternachtsarbeiter ist endlich aufgewacht?,私の真夜中の働き手、ついに目覚めた？,Mon travailleur de minuit est enfin réveillé ?,Mój północny pracuś wreszcie obudził się?,내 자정의 일꾼이 드디어 깨어났어?,Gece yarısı işçim sonunda uyandı mı?,Il mio lavoratore di mezzanotte finalmente si è svegliato?,Az éjféli munkásom végre felébredt?
94.0,utrechka_zvetochek_moy,"Утречка, цветочек мой","Mornin', my flower",早 我的小花,"Días, mi flor","Bom dia, minha flor","Morgen, mein Blümchen",おはよう、私の花,"Bonjour, ma fleur","Dzieńka, kwiatku mój","좋은 아침, 내 꽃","Günaydın, çiçeğim","Buongiorno, mio fiorellino","Jó reggelt, virágom"
95.0,mulyi_chto_sluchilos_chto_tam,Милый что случилось что там?,"Sweetie, what happened, what's there?",亲爱的 怎么了 那边？,"Cariño, qué pasó, qué hay?","Querido, o que aconteceu, o que é lá?","Schatz, was ist passiert, was ist dort?",あなた、何が起こったの、あそこ？,Chéri qu'est-ce qui s'est passé là-bas ?,Miły co stało się co tam?,여보 무슨 일이야 거기?,Sevgili orada ne oldu?,Caro cos'è successo cos'è lì?,"Drága, mi történt, mi van ott?"
96.0,net_net_ya,"Нет-нет, я","No-no, I",没 我,"No-no, yo","Não-não, eu","Nein-nein, ich",いやいや、私は,"Non-non, je","Nie-nie, ja","아니아니, 나는","Hayır-hayır, ben","No-no, io","Nem-nem, én"
97.0,ya_prosto_zadumalsia_lubimaya_vse_horosho,"Я просто задумался, всё хорошо","I was just thinking, everything's fine",只是在想 没事,"Solo pensaba, todo bien","Eu só tava pensando, tá tudo bem","Ich war nur in Gedanken, alles ist gut",ただ考え事をしていただけだ、大丈夫だ,"J'étais juste perdu dans mes pensées, tout va bien","Ja po prostu zamyśliłem się, wszystko dobrze","그냥 생각에 잠겨 있었어, 다 괜찮아","Sadece düşünüyordum, her şey iyi","Stavo solo pensando, tutto bene","Csak gondolkoztam, minden rendben"
98.0,ya_ne_stal_by_vrat_vam_prinzessa,"Я не стал бы врать вам, принцесса, верьте мне пожалуйста","I wouldn't lie to you, princess, please believe me",不会骗你 公主 请相信我,"No te mentiría, princesa, por favor créeme","Eu não mentiria pra vocês, princesa, por favor acreditem em mim","Ich würde euch nicht anlügen, Prinzessin, bitte glaubt mir",あなたに嘘はつきません、お姫様、どうか私を信じてください,"Je ne vous mentirais pas, princesse, croyez-moi s'il vous plaît","Nie byłbym skłamał wam, księżniczko, wierzcie mi proszę","당신에게 거짓말은 안 할 거야, 공주님, 제발 날 믿어 줘","Size yalan söylemezdim, prenses, lütfen bana inanın","Non mentirei a voi, principessa, per favore credetemi","Nem hazudnék önnek, hercegnő, kérem, higgyen nekem"
99.0,dumau,Думаю,I think,我觉得,Creo,Acho,Ich denke,思うに,Je pense,Myślę,내 생각엔,Sanırım,Penso,Azt hiszem
100.0,vse_delo_v_tom,Всё дело в том,It's all about the fact,问题是,Es que,Que o problema é,Es liegt alles daran,すべての理由は,Que tout vient du fait,Wszystko rzecz w tym,모든 이유는,Bütün mesele şu,Che tutto dipenda dal fatto,Az egész azon múlik
101.0,v_poslednee_vremia_ya_ploho_splu,В последнее время я плохо сплю,Lately I've been sleeping poorly,最近睡得不好,Últimamente duermo mal,Que ultimamente eu tenho dormido mal,Dass ich in letzter Zeit schlecht schlafe,最近私はよく眠れていない,Que dernièrement je dors mal,W ostatnim czasie ja źle sypiam,요즘 나는 잠을 잘 못 자,Son zamanlarda kötü uyuyorum,Che ultimamente dormo male,Hogy mostanában rosszul alszom
102.0,dorogoi,Дорогой?,Darling?,亲爱的？,¿Amor?,Querido?,Schatz?,あなた？,Chéri ?,Drogi?,여보?,Sevgili?,Caro?,Drága?
103.0,slushau_zolotze,Слушаю золотце,"I'm listening, sweetheart",听着呢 宝贝,"Te escucho, cielo","Tô ouvindo, meu bem","Höre zu, Goldstück",聞いているよ、愛しい人,"Je t'écoute, mon trésor",Słucham złotko,"듣고 있어, 자기야","Dinliyorum, bir tanem","Ti ascolto, tesoro","Hallgatom, drágaság"
104.0,pomnish_kogda_my_tolko_vybiraly_eto_mesto,"Помнишь, когда мы только выбирали это место, ты обещал мне что мы поиграем в прятки","Remember, when we were just choosing this place, you promised me we'd play hide-and-seek",记得选这地方时 你答应玩捉迷藏,"Recuerdas, cuando elegíamos este lugar, me prometiste jugar al escondite","Lembra, quando a gente tinha acabado de escolher esse lugar, você me prometeu que a gente ia brincar de esconder","Erinnerst du dich, als wir gerade diesen Ort ausgewählt haben, hast du mir versprochen, dass wir Verstecken spielen werden",覚えてる、私たちがこの場所を選んだばかりの時、あなたは私にかくれんぼをすると約束したわ,"Tu te souviens, quand on a juste choisi cet endroit, tu m'as promis qu'on jouerait à cache-cache","Pamiętasz, kiedy tylko wybieraliśmy to miejsce, ty obiecałeś mnie że pobawimy się w chowanego","기억나, 우리가 이 장소를 고르기만 했을 때, 너 나에게 숨바꼭질을 하자고 약속했었어","Hatırlıyor musun, bu yeri seçtiğimizde, bana saklambaç oynayacağımıza söz vermiştin","Ti ricordi, quando avevamo appena scelto questo posto, mi promettesti che avremmo giocato a nascondino","Emlékszel, amikor csak kiválasztottuk ezt a helyet, ígérted, hogy bújócskázni fogunk"
105.0,etot_les_nechto_ya_vse_eshe,"Этот лес нечто, я всё ещё наслаждаюсь им, а та река за горой просто невероятна, она же почти белесая, верно? Я никогда не видела настолько чистой воды в естественных условиях, и, знаешь...","This forest is something, I still enjoy it, and that river beyond the mountain is simply incredible, it's almost glistening, right? I have never seen such clean water in natural conditions, and, you know...",这森林真神 我仍享受 山后那条河太美 几乎泛着白光是吧？从没见过天然这么清的水 而且...,"Este bosque es algo, aún lo disfruto, y ese río tras la montaña es increíble, es casi reluciente, ¿no? Nunca vi agua tan pura en condiciones naturales, y, sabes...","Essa floresta é incrível, eu ainda tô curtindo ela, e aquele rio atrás da montanha é simplesmente inacreditável, ele é quase esbranquiçado, né? Eu nunca vi água tão pura em condições naturais, e, sabe...","Dieser Wald ist etwas, ich genieße ihn immer noch, und dieser Fluss hinter dem Berg ist einfach unglaublich, er ist fast weißlich, nicht wahr? Ich habe noch nie so sauberes Wasser in natürlicher Umgebung gesehen, und, weißt du...",この森はすごい、私はまだそれを楽しんでいる、そしてあの山の向こうの川は信じられない、ほとんど白く澄んでいるでしょう？自然の状態でこれほど清らかな水を見たことがない、そして、あなた知ってる…,"Cette forêt est quelque chose, j'en jouis toujours, et cette rivière derrière la montagne est juste incroyable, elle est presque d'un blanc laiteux, non ? Je n'ai jamais vu d'eau aussi pure en conditions naturelles, et, tu sais...","Ten las nieco, ja wciąż rozkoszuję się nim, a ta rzeka za górą po prostu niewiarygodna, onaż prawie biała, prawda? Ja nigdy nie widziałam tak czystej wody w naturalnych warunkach, i, wiesz...","이 숲은 뭔가 특별해, 나 아직도 그것을 즐기고 있어, 그리고 저 산 너머 강은 정말 놀라워, 거의 희뿌연 색이지, 그렇지? 자연 상태에서 그렇게 깨끗한 물은 본 적이 없어, 그리고, 너 알아...","Bu orman bir şey, hala keyfini çıkarıyorum, ve şu dağın arkasındaki nehir inanılmaz, neredeyse beyazımsı, değil mi? Doğal koşullarda hiç bu kadar temiz su görmemiştim, ve, biliyor musun...","Questa foresta è qualcosa, ne sto ancora godendo, e quel fiume dietro la montagna è semplicemente incredibile, è quasi biancastro, vero? Non ho mai visto acqua così pura in condizioni naturali, e, sai...","Ez az erdő valami, még mindig élvezem, és az a folyó a hegy mögött egyszerűen hihetetlen, majdnem fehér, ugye? Soha nem láttam ilyen tiszta vizet természetes körülmények között, és, tudod..."
106.0,konechno_pomnu_lubimaya,Конечно помню милая,"Of course I remember, sweetie",当然记得 亲爱的,"Claro que recuerdo, cariño","Claro que lembro, querida","Natürlich erinnere ich mich, Liebste",もちろん覚えているよ、愛しい人,Bien sûr que je m'en souviens ma chérie,Oczywiście pamiętam miła,"물론 기억하지, 자기야","Elbette hatırlıyorum, tatlım","Certo che mi ricordo, cara","Természetesen emlékszem, drága"
107.0,oh_eto_slavno,"Ох, это славно","Oh, that's lovely",啊 真好,"Oh, es encantador","Ah, que delícia","Oh, das ist herrlich",ああ、それは素敵だ,"Oh, c'est charmant","Och, to cudownie","오, 그거 좋네","Oh, bu çok güzel","Oh, è delizioso","Ó, ez csodás"
108.0,i_znaesh_mne_tut_vdrug_vzdumalos,"И, знаешь, мне тут вдруг вздумалось...","And, you know, it suddenly occurred to me...",而且 我突然想...,"Y, sabes, de pronto se me ocurrió...","E, sabe, do nada me deu na telha...","Und, weißt du, mir kam plötzlich der Gedanke...",そして、あなた知ってる、突然思い立ったの…,"Et, tu sais, il m'est soudain venu à l'idée...","I, wiesz, mnie tu nagle zachciało się...","그리고, 너 알아, 갑자기 생각났어...","Ve, biliyor musun, aklıma birden geldi...","E, sai, mi è venuto improvvisamente in mente...","És, tudod, hirtelen eszembe jutott..."
109.0,kak_dumaesh_tebe_hvatilo_by_sil_sigrat_seichas,Как думаешь тебе хватило бы сил сыграть сейчас?,Do you think you'd have the strength to play now?,现在玩得动吗？,¿Crees que tendrías fuerzas para jugar ahora?,Acha que você teria energia pra brincar agora?,"Glaubst du, du hättest die Kraft, jetzt zu spielen?",今やる気力があると思う？,Tu penses que tu aurais la force de jouer maintenant ?,Jak myślisz tobie starczyło by sił zagrać teraz?,지금 할 힘이 있을 것 같아?,Şimdi oynayacak gücün olduğunu düşünüyor musun?,Pensi che avresti la forza di giocare adesso?,"Gondolod, lenne erőd most játszani?"
110.0,rodnaya_razve_u_nas_ne_budet_dostatochno_vremeni_dlya_etogo_vpred,"Родная разве у нас не будет достаточно времени для этого впредь? Я так и не закончил тот дедлайн, он уже месяц висит надо мною клинком Дамокловым, ребята говорят если...","My darling, won't we have enough time for this in the future? I still haven't finished that deadline, it's been hanging over me like a Damoclean sword for a month, the guys say if...",亲爱的 以后还没时间吗？那deadline吊在我头上一个月了 同事说要是...,"Amor, ¿no tendremos tiempo suficiente para esto después? Aún no terminé ese deadline, pende sobre mí como espada de Damocles, los chicos dicen que si...","Querida, será que a gente não vai ter tempo suficiente pra isso no futuro? Eu ainda não terminei aquele prazo, já tá pendurado sobre mim como uma espada de Dâmocles faz um mês, os caras falam que se...","Liebste, werden wir nicht genug Zeit dafür in Zukunft haben? Ich habe diese Deadline immer noch nicht fertig, sie hängt schon seit einem Monat wie ein Damoklesschwert über mir, die Jungs sagen, wenn...",愛しい人、これからのためにそれをする時間が十分にないだろうか？あの締め切りをまだ終わらせていない、もう一ヶ月もダモクレスの剣のように私の頭上にぶら下がっている、連中が言うにはもし…,"Ma chérie, est-ce qu'on n'aura pas assez de temps pour ça à l'avenir ? Je n'ai toujours pas fini cette deadline, elle est suspendue au-dessus de moi comme une épée de Damoclès depuis un mois déjà, les gars disent que si...","Rodzona czy u nas nie będzie dość czasu dla tego na przyszłość? Ja tak i nie skończyłem tej deadliny, on już miesiąc wisi nade mną mieczem Damoklesa, chłopaki mówią jeśli...","자기야, 앞으로 이를 위한 시간이 충분하지 않겠어? 나 그 마감을 아직 못 끝냈어, 벌써 한 달째 다모클레스의 칼처럼 내 위에 매달려 있어, 녀석들이 말하길 만약...","Hayatım, bunun için gelecekte yeterli zamanımız olmayacak mı? O teslim tarihini hala bitirmedim, bir aydır Demokles'in kılıcı gibi üzerimde sallanıyor, çocuklar eğer... diyor","Cara, non avremo abbastanza tempo per questo in futuro? Non ho ancora finito quella scadenza, è già da un mese che pende su di me come una spada di Damocle, i ragazzi dicono che se...","Drága, nem lesz elég időnk erre a jövőben? Még mindig nem fejeztem be azt a határidőt, már egy hónapja lebeg felettem, mint egy damoklész kardja, a srácok azt mondják, ha..."
111.0,lguvyi_ded_ya_tak_i_znala,"ЛЖИВЫЙ СТАРИКАШКА, Я ТАК И ЗНАЛА","LYING ANCIENT FOSSIL, I KNEW IT!",老骗子 早知道！,"¡VIEJO MENTIROSO, LO SABÍA!","VELHO MENTIROSO, EU SABIA!","LÜGENALTER, ICH WUSSTE ES!",嘘つきじじい、やっぱりそうだと思った！,"VIEUX MENTEUR, JE LE SAVAIS !","KŁAMLIWY STARZEC, JA TAK I WIEDZIAŁAM","거짓말쟁이 늙은이, 난 그럴 줄 알았어!","YALANCI YAŞLI, BİLİYORDUM!","VECCHIO BUGIARDO, LO SAPEVO!","HAZUG ÖREGEMBER, TUDTAM!"
112.0,my_zdes_uge_zelyi_mesiaz,"Мы здесь уже месяц, целый месяц! А ты всё ещё занят работой больше, чем мной!","We've been here a month, a whole month! And you're still more occupied with work than with me!",都一个月了 整整一月！你工作还是比我重要！,"¡Llevamos un mes, un mes entero! ¡Y aún te ocupa más el trabajo que yo!","A gente já tá aqui há um mês, um mês inteiro! E você ainda tá mais ocupado com trabalho do que comigo!","Wir sind schon seit einem Monat hier, einen ganzen Monat! Und du bist immer noch mehr mit Arbeit beschäftigt als mit mir!",私たちはここにもう一ヶ月、まる一ヶ月もいる！なのにあなたはまだ私より仕事に夢中！,"Ça fait déjà un mois qu'on est ici, un mois entier ! Et tu es encore plus occupé par le travail que par moi !","My tutaj już miesiąc, cały miesiąc! A ty wciąż zajęty pracą więcej, niż mną!","우리 여기에 벌써 한 달, 꼬박 한 달째야! 그런데 너는 아직도 나보다 일에 더 바빠!","Burada bir aydırız, tam bir ay! Ve sen hala benden daha çok işinle meşgulsün!","Siamo qui già da un mese, un mese intero! E tu sei ancora più occupato con il lavoro che con me!","Már egy hónapja itt vagyunk, egy egész hónapja! És te még mindig jobban elfoglalt a munkával, mint velem!"
113.0,chto_mne_s_tobou_podelat_ladno_neposedka,"Что мне с тобой поделать, ладно непоседка, давай сыграем","What am I to do with you, alright, pretty fidget, let's play",拿你怎么办 好吧 小调皮 来玩吧,"Qué hacer contigo, vale, inquietina, juguemos","O que eu faço com você, ok, inquietinha, vamos brincar","Was soll ich mit dir machen, okay, Zappelphilipp, lass uns spielen",あなたに何をすればいいの、わかったわ、落ち着きのない子、遊びましょ,"Que puis-je faire de toi, d'accord petite agitée, jouons","Co mnie z tobą zrobić, dobrze niespokojna, dawaj zagramy","너에게 뭘 어떻게 해야 하지, 좋아, 안절부절못하는 아이야, 하자","Seninle ne yapacağım, tamam, yerinde duramayan, hadi oynayalım","Cosa posso fare con te, va bene, irrequieta, giochiamo","Mit tegyek veled, jó, fidget, játszunk"
114.0,ty_byl_osvedomlen_kogo_beresh_v_geni,"Ты был осведомлён кого берёшь в жены, глупышка","You knew exactly who you were marrying, you silly goose ",娶我时就知道会这样 傻鹅,"Sabías bien a quién tomabas por esposa, tontorrona","Você sabia com quem tava se casando, bobinha","Du warst dir bewusst, wen du heiratest, Dummchen",あなたは誰を妻に娶るのか知っていたはずよ、バカね,"Tu étais au courant de qui tu épousais, petite sotte","Ty byłeś świadomy kogo bierzesz w żony, głuptaszek","넌 누구랑 결혼하는지 알고 있었잖아, 바보야","Kiminle evlendiğini biliyordun, aptal","Eri consapevole di chi sposavi, sciocchina","Tudtad, kit veszel feleségül, butus"
115.0,da_priznatsia_ya_gotovilsya_imenno_k_etomy,"Да, вынужден признаться... я готовился именно к этому, моё маленькое чудо","Yea, must admit... I was preparing literally for this, my little miracle",是 必须承认...我正是为此准备 我的小奇迹,"Sí, debo admitir... me preparé para esto, mi pequeño milagro","Sim, sou obrigado a admitir... eu tava me preparando exatamente pra isso, meu pequeno milagre","Ja, ich muss zugeben... ich habe mich genau darauf vorbereitet, mein kleines Wunder",ああ、認めざるを得ない…まさにこのために準備していたんだ、私の小さな奇跡,"Oui, je suis obligé de l'admettre... je me préparais justement à ça, mon petit miracle","Tak, zmuszony przyznać... ja przygotowywałem się właśnie do tego, mój mały cudzie","그래, 인정할 수밖에 없네... 나는 바로 이를 위해 준비하고 있었어, 나의 작은 기적","Evet, itiraf etmek zorundayım... tam da bunun için hazırlanıyordum, benim küçük mucizem","Sì, sono costretto ad ammetterlo... mi stavo preparando proprio per questo, mio piccolo miracolo","Igen, kénytelen vagyok beismerni... pont erre készültem, kis csodám"
116.0,kto_pervyi_vodit,Кто первый водит?,"Who's ""it"" first?",谁先抓？,¿Quién la paga?,Quem é o primeiro?,Wer fängt an?,最初の鬼は誰？,Qui est le loup en premier ?,Kto pierwszy prowadzi?,첫 번째 술래는 누구?,Kim ebe?,Chi inizia per primo?,Ki a manó elsőnek?
,,,,,,,,,,,,,,
118.0,ona,Она,Her,她,Ella,Ela,Sie,彼女,Elle,Ona,그녀,O,Lei,Ő
119.0,reshit_na_kamen_nognyzi_bumaga,Решить на камень-ножницы-бумага,Decide with rock-paper-scissors,石头剪刀布,"A piedra, papel o tijera",Decidir no pedra-papel-tesoura,Durch Schere-Stein-Papier entscheiden,じゃんけんで決めろ,Tirer au pierre-feuille-ciseaux,Rozstrzygnąć na kamień-nożyce-papier,가위바위보로 정해,Taş-kağıt-makas ile karar ver,Decidere con carta-forbice-sasso,Döntsünk kő-papír-ollóval
120.0,bud_moya_volya_ya_izgladil_by_tebya_iz_pamiaty,Будь моя воля я изгладил бы тебя из памяти,"If it were my will, I would erase you from memory",若我能 就将你从记忆中抹去,"Si fuera mi voluntad, te borraría de la memoria","Se dependesse de mim, eu te apagaria da memória","Wäre es mein Wille, würde ich dich aus dem Gedächtnis tilgen",私の意志なら、お前を記憶から消し去っていただろう,Si c'était ma volonté je t'effacerais de la mémoire,Bądź moja wola ja wymazałbym ciebie z pamięci,"내 뜻이라면, 너를 기억에서 지워 버렸을 거야","Benim elimde olsaydı, seni hafızamdan silerdim","Se fosse per me, ti cancellerei dalla memoria","Ha rajtam múlna, kitörölnélek az emlékezetemből"
121.0,bud_moya_volya_zapretyl_sebe_lubit_tebya,Будь моя воля запретил себя любить тебя,"If it were my will, I would forbid myself to love you",若我能 就禁止自己爱你,"Si fuera mi voluntad, me prohibiría amarte","Se dependesse de mim, me proibiria de te amar","Wäre es mein Wille, würde ich mir verbieten, dich zu lieben",私の意志なら、お前を愛する自分を禁じていただろう,Si c'était ma volonté je m'interdirais de t'aimer,Bądź moja wola zabronił siebie kochać ciebie,"내 뜻이라면, 너를 사랑하는 나를 금지시켰을 거야","Benim elimde olsaydı, kendimi seni sevmekten men ederdim","Se fosse per me, mi vieterei di amarti","Ha rajtam múlna, megtiltanám magamnak, hogy szeresselek"
122.0,mne_protivny_druzia_i_rodnie_vspominaushie_tebya,"Мне противны друзья и родные, вспоминающие тебя",I am disgusted by friends and relatives who remember you,我厌恶提起你的亲友,Me disgustan amigos y familiares que te recuerdan,Tenho nojo de amigos e parentes que se lembram de você,"Mich ekeln Freunde und Verwandte, die sich an dich erinnern",お前を思い出す友人や親族がうんざりだ,Mes amis et ma famille qui se souviennent de toi me dégoûtent,"Mnie brzydzą przyjaciele i rodzeni, wspominający ciebie",너를 기억하는 친구와 친척들이 역겨워,Seni hatırlayan arkadaşlardan ve akrabalardan iğreniyorum,Mi disgustano amici e parenti che si ricordano di te,"Undorodom a barátoktól és rokonoktól, akik emlékeznek rád"
123.0,i_eshe_protivnee_ot_galosti_i_sostradania,И ещё противнее от жалости и сострадания,And even more disgusted by pity and compassion,更厌恶怜悯同情,Y más disgusto de lástima y compasión,E ainda mais nojo de pena e compaixão,Und noch ekeler sind Mitleid und Mitgefühl,そして憐れみや同情にはさらにうんざりする,Et encore plus dégoûtants sont la pitié et la compassion,I jeszcze brzdniej od litości i współczucia,그리고 동정과 연민은 더욱 역겨워,Ve acımadan ve şefkatten daha da iğrenç,E ancora più disgustosi sono la pietà e la compassione,És még undorítóbb a szánalom és az együttérzés
124.0,ot_sovetov_i_ebuchego_neunivania,От советов и ебучего неунывания,By the advice and the fucking cheerfulness,那些建议和该死的乐观,De consejos y el jodido ánimo,"Conselhos e a porra do ""animar-se""","Ratschläge und scheiß ""Kopf hoch""",アドバイスやクソったれの「元気出せ」には,"Les conseils et le putain de ""reste positif""",Od rad i jebanego nieupadania na duchu,조언과 씨발 놈의 '기운 내라'에는,"Tavsiyelerden ve siktirimin ""cesaretini kaybetme""sinden","I consigli e il fottuto ""tieni duro""","A tanácsoktól és a kibaszott ""ne csüggedj""-től"
125.0,samoe_krupnoe_zablugdenie_etoy_ebannoy_terapii,Самое крупное заблуждение этой презренной терапии,The biggest misconception of this contemptible therapy,这可笑疗法最大谬误,El mayor error de esta terapia despreciable,O maior equívoco dessa terapia desprezível,Das größte Missverständnis dieser verachtenswerten Therapie,この卑しいセラピーの最大の誤解は,La plus grande illusion de cette thérapie méprisable,Największe złudzenie tej przeklętej terapii,이 비열한 치료의 가장 큰 오해는,Bu aşağılık terapi en büyük yanılgısı,Il più grande equivoco di questa terapia spregevole,Ezen megvetendő terápia legnagyobb tévedése
126.0,zakluchaetsia_v_nepremennoi_neobhodimosti,"Заключается в непременной необходимости принимать от окружающих их чопорное, нелепое сердоболие ","Lies in the imperative necessity to accept from others their prim, absurd compassion",在于必须接受他人刻板荒谬的同情,"Yace en necesitar aceptar de otros su compasión rígida, absurda","Tá na necessidade imperiosa de aceitar dos outros a compaixão deles, careta, ridícula","Besteht in der zwingenden Notwendigkeit, von anderen ihre steife, lächerliche Herzenseinfalt zu akzeptieren",取り巻く連中の気取った、不様な哀れみを受け入れる必須の必要性にある,"Réside dans l'obligation impérieuse d'accepter des autres leur compassion guindée, absurde","Zawiera się w nieuniknionej konieczności przyjmowania od otaczających ich staroświeckiego, niezdarnego współczucia","주변 사람들의 딱딱하고, 어색한 동정을 받아들이는 필수적인 필요성에 있어","Çevremizdekilerin onların katı, saçma merhametini kabul etmenin zorunlu gerekliliğinde yatıyor","Risiede nell'imperiosa necessità di accettare dagli altri la loro compassione rigida, assurda","Abban rejlik, hogy kötelező elfogadni a körülöttünk lévők merev, nevetséges szívességét"
127.0,i_prakticheski_pismennoe_posobie_instrukzia,"И практически письменное пособие, инструкция, как ""страдающему"" пристало принимать помощь ""сострадающего""","And practically a written manual, an instruction, on how the one in ""suffering"" is supposed to accept the solace of the ""sufferer"" ","和书面指南 教""受苦者""该如何接受""同情者""帮助","Y prácticamente un manual, instrucción, de cómo el ""sufriente"" debe aceptar ayuda del ""compasivo""","E praticamente um manual escrito, uma instrução, de como o ""sofredor"" deve aceitar a ajuda do ""compassivo""","Und praktisch eine schriftliche Anleitung, eine Gebrauchsanweisung, wie der ""Leidende"" die Hilfe des ""Mitleidenden"" annehmen soll",そして実質的に書かれた手引き、指示書だ、「苦しむ者」が「同情する者」の助けをどう受け入れるべきかという,"Et pratiquement un manuel écrit, une instruction, sur la manière dont le ""souffrant"" est censé accepter l'aide du ""compatissant""","I niemal pisemne pomoce, instrukcja, jak ""cierpiącemu"" przystoi przyjmować pomoc ""współczującego""","그리고 실질적으로 써진 지침서, 설명서야, ""고통받는 자""가 ""동정하는 자""의 도움을 어떻게 받아들여야 하는지에 대한","Ve pratikte yazılı bir kılavuz, talimat, ""acı çeken""in ""şefkat gösteren""in yardımını nasıl kabul etmesi gerektiği","E praticamente un manuale scritto, un'istruzione, su come il ""sofferente"" dovrebbe accettare l'aiuto del ""compassionevole""","És gyakorlatilag egy írott kézikönyv, útmutatás, hogyan kell a ""szenvedőnek"" elfogadnia az ""együttérző"" segítségét"
128.0,kak_smeu_ya_voproshaet,"Как смею я, вопрошает сраный выпускник модного, прогрессивного гуманитарного вуза   ","How dare I, asks some fucking graduate of a trendy, progressive humanities university",我怎敢 某时尚人文学院毕业生质问,"Cómo me atrevo, pregunta un jodido graduado de universidad humanista trendy, progresiva","Como eu ouso, pergunta a porra do formando de uma universidade de humanidades moderna, progressista","Wie wage ich es, fragt der scheiß Absolvent einer modischen, progressiven geisteswissenschaftlichen Uni",どうして私が、とったれの流行の進歩的な人文科学大学の卒業生は問う,"Comment osé-je, demande le putain de diplômé d'une université humanitaire à la mode, progressive","Jak śmiem, pyta jebany absolwent modnego, postępowego humanistycznego uniwerku","어떻게 내가, 씨발 놈의 유행하는 진보적인 인문 대학 졸업생은 묻지","Nasıl cüret ederim, diye soruyor moda, ilerici bir beşeri bilimler üniversitesinin lanet mezunu","Come oso io, chiede il fottuto laureato di un'università umanitaria alla moda, progressista","Hogy merészelek én, kérdezi egy divatos, progresszív humán egyetem kibaszott diplomása"
129.0,ne_izlechivatsia_ot_otkrovennix_dusheizlivanii,Не излечиваться от откровенных душеизливаний,To remain unhealed by heartfelt outpourings ,不被真诚倾诉治愈,No sanar por efusiones sinceras del alma,Não sarar de desabafos sinceros,Nicht von offenherzigen Seelenergüssen geheilt zu werden,率直な心の内を吐露することから癒されないことを,Ne pas guérir des épanchements de cœur francs,Nie wyleczać się od szczerych wylewów duszy,솔직한 마음 털어놓음으로부터 낫지 않는 것을,Samimi yürek döküşlerinden iyileşmemek,Non guarire da sfoghi sinceri,Nem meggyógyulni őszinte szívkitörésektől
130.0,kak_smeet_mne_ne_pomogat_pozitivnyi_nastroi,"Как смеет мне не помогать позитивный настрой людей вокруг, долгое, почти пятилетнее, терпение моих ""гиперфиксаций"" ","How dare the positive attitude of people around not help me, the years-long, almost five-year, patience with my ""hyperfixations""","周围人的积极态度 长达五年容忍我的""沉迷"" 怎能不帮我","Cómo se atreve no ayudarme la actitud positiva de la gente, la larga, casi quintaañal, paciencia con mis ""hiperfijaciones""","Como ousa não me ajudar o positivismo das pessoas ao redor, a longa, quase de cinco anos, paciência com minhas ""hiperfixações""","Wie kann es mir nicht helfen, die positive Einstellung der Leute um mich herum, die lange, fast fünfjährige, Geduld mit meinen ""Hyperfixationen""",どうして私の周りの人々の前向きな態度が、長い、ほぼ五年に及ぶ、私の「ハイパーフィクセーション」への忍耐が、私を助けないことを,"Comment ose ne pas m'aider l'attitude positive des gens autour, la longue, presque quinquennale, patience envers mes ""hyperfixations""","Jak śmie mnie nie pomagać pozytywne nastawienie ludzi wokół, długie, prawie pięcioletnie, znoszenie moich ""hiperfiksacji""","어떻게 내 주변 사람들의 긍정적인 태도가, 길고, 거의 5년에 가까운, 나의 ""하이퍼픽세이션""에 대한 인내가, 나를 도와주지 않는 것을","Nasıl cüret eder de çevremdeki insanların olumlu tutumu, uzun, neredeyse beş yıllık, benim ""hiperfiksasyonlarım""a sabrı bana yardım etmez","Come osa non aiutarmi l'atteggiamento positivo delle persone intorno, la lunga, quasi cinquantennale, pazienza con le mie ""iperfissazioni""","Hogy merészel nekem nem segíteni a körülöttem lévők pozitív hozzáállása, a hosszú, majdnem ötéves türelmem a ""hiperfixációimmal"" szemben"
131.0,ya_dolgen_dage_obyazan,"Я должен, даже обязан, быть благодарен каждому доброму слову, каждому пожеланию скорейшего забытья, каждой пророненной крокодильей слезе","I must, am even obliged, to be grateful for every kind word, every wish for swift oblivion, every crocodile tear shed",我必须 甚至有义务 感谢每句好话 每个早日遗忘的祝愿 每滴鳄鱼眼泪,"Debo, hasta debo, agradecer cada palabra amable, cada deseo de pronto olvido, cada lágrima de cocodrilo","Eu devo, até obrigado, ser grato por cada palavra gentil, cada desejo de um rápido esquecimento, cada lágrima de crocodilo derramada","Ich muss, ich bin sogar verpflichtet, für jedes freundliche Wort dankbar zu sein, für jeden Wunsch nach schnellem Vergessen, für jede vergossene Krokodilsträne",私は、義務さえも、親切な言葉一つ一つ、早い忘却の願い一つ一つ、流される鰐の涙一つ一つに感謝しなければならない,"Je dois, je suis même obligé, être reconnaissant pour chaque mot gentil, chaque souhait d'un oubli rapide, chaque larme de crocodile versée","Ja powinienem, nawet obowiązany, być wdzięczny każdemu dobremu słowu, każdemu życzeniu szybkiego zapomnienia, każdej uronionej krokodylej łzie","나는, 심지어 의무까지, 각각의 친절한 말, 빠른 망각의 바람, 흘러내리는 악어의 눈물 하나하나에 감사해야 해","Ben, hatta zorunluyum, her kibar söz için, her çabuk unutma dileği için, her dökülen timsah gözyaşı için minnettar olmalıyım","Devo, sono persino obbligato, essere grato per ogni parola gentile, ogni augurio di un rapido oblio, ogni lacrima di coccodrillo versata","Kötelező, sőt kötelességem hálásnak lenni minden kedves szóért, minden korai felejtés kívánságáért, minden egyes hullatott krokodilkönnyért"
132.0,v_konze_konzov_eto_ge_tak_egoistichno,"В конце концов, это же так эгоистично с моей стороны ","After all, is pure selfishness from me ",毕竟 我太自私,"Al fin, es tan egoísta de mi parte","No final das contas, é tão egoísta da minha parte",Schließlich ist das so egoistisch von meiner Seite,結局のところ、それは私の側ではあまりに自己中心的だ,"Après tout, c'est si égoïste de ma part","W końcu, toż tak egoistyczne z mojej strony","결국, 그것은 내 편에서는 너무 이기적이야","Sonuçta, bu benim açımdan çok bencilce","Dopo tutto, è così egoista da parte mia","Végül is, ez annyira önző tőlem"
133.0,ved_my_proyavili_blagosklonnost,Ведь мы проявили благосклонность,For we showed benevolence,因为我们展现了仁慈,Pues mostramos benevolencia,Pois a gente mostrou benevolência,Denn wir haben Wohlwollen gezeigt,なぜなら私たちは好意を示した,Car nous avons montré de la bienveillance,Przecież okazaliśmy życzliwość,왜냐하면 우리는 호의를 보였어,Çünkü biz iyilik gösterdik,Perché abbiamo mostrato benevolenza,Hiszen jóindulatot mutattunk
134.0,ved_proshlo_stolko_let,Ведь прошло столько лет,For so many years have passed,因为这么多年了,Pues pasaron tantos años,Pois passaram tantos anos,Denn so viele Jahre sind vergangen,なぜなら何年も経った,Car tant d'années ont passé,Przecież przeszło tyle lat,왜냐하면 몇 년이 지났어,Çünkü o kadar yıl geçti,Perché sono passati tanti anni,Hiszen annyi év telt el
135.0,tak_slovno_by_moi_otkaz,"Так, словно бы мой отказ отпустить тебя ",As if my refusal to let you go,仿佛我不愿放手,Como si mi rehusar soltarte,Como se minha recusa em te soltar,"Als ob meine Weigerung, dich loszulassen",そう、まるであなたを手放す私の拒絶が,Comme si mon refus de te laisser partir,"Tak, jakby mój odmowa wypuszczenia ciebie","그래, 마치 너를 놓아주지 않는 내 거부가",Sanki seni bırakmayı reddedişim,Come se il mio rifiuto di lasciarti andare,"Mintha a visszautasításom, hogy elengedjelek"
136.0,eto_prihot,Это прихоть ,Is a whim,只是任性,Es capricho,Fosse um capricho,Eine Laune wäre,気まぐれだ,Était un caprice,To zachcianka,변덕인 것처럼,Bir kapris,Fosse un capriccio,Egy szeszély volna
137.0,upertost_i_rebyachestvo,Упёртость и ребячество ,Obduracy and puerility,固执幼稚,Terquedad y puerilidad,Teimosia e infantilidade,Starrsinn und Kinderei,頑固さと子供じみている,De l'entêtement et de l'enfantillage,Upartość i dziecinność,고집스러움과 유치함인 것처럼,İnatçılık ve çocukluk,Testardaggine e infantilità,Makacsság és gyerekeskedés
138.0,igra_dlinnou_v_piat_let,Игра длинною в пять лет,A game lasting five years,五年长度的游戏,Juego de cinco años,Um jogo de cinco anos de duração,Ein fünf Jahre langes Spiel,五年に渡るゲームだ,Un jeu long de cinq ans,Gra długości pięć lat,5년에 걸친 게임인 것처럼,Beş yıl süren bir oyun,Un gioco lungo cinque anni,Egy öt évig tartó játék
139.0,i_nakonez_samoe_givotrepeshushee,"И, наконец, самое животрепещущее","And, finally, the most poignant question ",最后 最刺痛的问题是,"Y, al fin, la cuestión más punzante","E, finalmente, a questão mais premente",Und schließlich das Brennendste,そして、最後に、最も痛切なこと,"Et, enfin, la question la plus brûlante","I, wreszcie, najbardziej palące","그리고, 마지막으로, 가장 가슴 아픈 것","Ve, nihayet, en yakıcı olanı","E, infine, la questione più scottante","És, végül, a legégetőbb"
140.0,pochemu_ya_vovse_dolgen_otpuskat_tebya,Почему я вовсе должен отпускать тебя?,"Why must I let you go, at all? ",我究竟为何要放手？,¿Por qué he de soltarte en absoluto?,Por que eu deveria te soltar de todo?,Warum sollte ich dich überhaupt loslassen?,なぜ私はまったくあなたを手放さなければならないのか？,Pourquoi devrais-je te laisser partir du tout ?,Dlaczego ja w ogóle powinienem wypuszczać ciebie?,왜 나는 아예 너를 놓아줘야 하는 거야?,Neden seni tamamen bırakmak zorundayım?,Perché dovrei del tutto lasciarti andare?,Miért kellene egyáltalán elengedjelek?
141.0,pochemu_verno_zabit_a_ne_pomnit,"Почему верно забыть, а не помнить?","Why is it right to forget, rather than remember?",为何遗忘正确 铭记不对？,"¿Por qué es correcto olvidar, no recordar?","Por que é certo esquecer, e não lembrar?","Warum ist es richtig zu vergessen, und nicht sich zu erinnern?",なぜ忘れるのが正しく、記憶するのが正しくないのか？,"Pourquoi est-il juste d'oublier, et non de se souvenir ?","Dlaczego słusznie zapomnieć, a nie pamiętać?","왜 잊는 것이 옳고, 기억하는 것이 옳지 않은 거야?","Neden unutmak doğru, ve hatırlamak değil?","Perché è giusto dimenticare, e non ricordare?","Miért helyes elfelejteni, és nem emlékezni?"
142.0,pochemu_verno_ne_lubit,"Почему, по какой из причин, верно не любить, а не любить ","Why, for what reason, is it right NOT TO love, but not to LOVE ",究竟为何 不爱正确 而非要爱？,"¿Por qué, por qué razón, es correcto no amar, y no amar?","Por que, por qual razão, é certo não amar, e não amar","Warum, aus welchem Grund, ist es richtig nicht zu lieben, und nicht zu lieben",なぜ、どの理由で、愛さないのが正しく、愛するのが正しくないのか,"Pourquoi, pour quelle raison, est-il juste de ne pas aimer, et non d'aimer","Dlaczego, po której z przyczyn, słusznie nie kochać, a nie kochać","왜, 어떤 이유로, 사랑하지 않는 것이 옳고, 사랑하는 것이 옳지 않은 거야","Neden, hangi sebepten, sevmemek doğru, ve sevmek değil","Perché, per quale ragione, è giusto non amare, e non amare","Miért, melyik okból, helyes nem szeretni, és nem szeretni"
143.0,drov_net_sovsem,"Дров нет, совсем","No firewood, at all",没柴了 彻底,"No hay leña, nada","Não tem lenha, nenhuma","Kein Holz, gar keins",薪がない、まったく,"Y a plus de bois, du tout","Drzewa nie ma, wcale","장작 없어, 전혀","Odun yok, hiç","Non c'è legna, per niente","Nincs tűzifa, egyáltalán"
144.0,v_sarae_ne_bylo_bumagi,"Бумаги нет, надо найти что-то ещё","And no paper too, need to find something else ",也没纸 得找别的,"Y no hay papel, hay que hallar algo más","Não tem papel, preciso achar outra coisa","Kein Papier, muss was anderes finden",紙がない、何か他を見つけなければ,"Y a pas de papier, faut trouver autre chose","Papieru nie ma, trzeba znaleźć coś jeszcze","종이 없어, 뭔가 다른 걸 찾아야 해","Kağıt yok, başka bir şey bulmalıyım","Non c'è carta, devo trovare qualcos'altro","Nincs papír, kell találni valami mást"
145.0,da_my_s_ney,"Да, мы с ней...","Yes, she and I...",是 我和她...,"Sí, ella y yo...","É, eu e ela...","Ja, sie und ich...",そう、彼女と私は…,"Oui, elle et moi...","Tak, my z nią...","그래, 그녀와 나는...","Evet, ben ve o...","Sì, io e lei...","Igen, én és ő..."
146.0,ona_lubila_menya,Она любила меня,She loved me,她爱我,Ella me amaba,Ela me amava,Sie liebte mich,彼女は私を愛していた,Elle m'aimait,Ona kochała mnie,그녀는 나를 사랑했어,O beni severdi,Lei mi amava,Szeretett engem
147.0,pozvolyala_mne_razve_chto_sladkoe_vino,Позволяла мне разве что сладкое вино,Allowed me only sweet wine,只允我喝甜葡萄酒,Me permitía solo vino dulce,Só me permitia vinho doce,Erlaubte mir höchstens süßen Wein,私に甘いワインだけを許した,Elle ne me permettait que le vin doux,Pozwalała mnie co najwyżej słodkie wino,나에게 달콤한 와인만 허락했어,Sadece tatlı şaraba izin verirdi,Mi permetteva solo vino dolce,Csak édes bort engedélyezett nekem
148.0,inogda,Иногда,Sometimes,偶尔,A veces,Às vezes,Manchmal,時々,Parfois,Czasami,가끔,Bazen,A volte,Néha
149.0,moget_byt,Может быть ,Perhaps,或许,Quizá,Talvez,Vielleicht,おそらく,Peut-être,Może być,아마도,Belki,Forse,Talán
150.0,zdes_ya_nakonez_usnu,Здесь я наконец усну,Here I will finally fall asleep,在此我终于能入睡,Aquí al fin dormiré,Aqui eu finalmente vou dormir,Hier werde ich endlich einschlafen,ここで私はようやく眠る,Ici je vais enfin m'endormir,Tutaj ja wreszcie zasnę,여기서 나는 드디어 잠들 거야,Burada sonunda uyuyacağım,Qui finalmente mi addormenterò,Itt végre elalszom
151.0,ty_umiraesh,Ты умираешь,You are dying,你快死了,Te mueres,Você tá morrendo,Du stirbst,お前は死にかけている,Tu es en train de mourir,Ty umierasz,너는 죽어 가고 있어,Ölüyorsun,Stai morendo,Haldokolsz
152.0,nugno,Нужно...,Need to...,需要...,Necesito...,Precisa...,Muss...,必要だ…,Il faut...,Trzeba...,필요해...,Gerek...,Bisogna...,Kell...
153.0,reka,Река...,River...,河...,Río...,O rio...,Fluss...,川…,La rivière...,Rzeka...,강...,Nehir...,Il fiume...,A folyó...
154.0,riadom_est_reka,Рядом есть река,There's a river close by ,附近有河,Cerca hay un río,Tem um rio aqui perto,In der Nähe gibt es einen Fluss,近くに川がある,Y a une rivière à côté,Niedaleko jest rzeka,근처에 강이 있어,Yakında bir nehir var,C'è un fiume qui vicino,Van egy folyó a közelben
155.0,tak_budet_vsegda,Так будет всегда?,Will it always be like this?,会永远这样？,¿Siempre será así?,Vai ser sempre assim?,Wird es immer so sein?,これがいつも続くのか？,Ce sera toujours comme ça ?,Tak będzie zawsze?,이게 항상 계속될 거야?,Hep böyle mi olacak?,Sarà sempre così?,Mindig így lesz?
156.0,ty_ge_znaesh,Ты же знаешь ,You know,你知道,Tú sabes,Você sabe,Du weißt doch,お前は知っている,Tu sais bien,Tyż wiesz,너는 알고 있어,Biliyorsun,Lo sai,Tudod
157.0,menya_zdes_net,Меня здесь нет,I am not here,我不在此,No estoy aquí,Eu não tô aqui,Ich bin nicht hier,私はここにいない,Je ne suis pas ici,Mnie tutaj nie ma,나는 여기에 없어,Ben burada değilim,Io non sono qui,Nem vagyok itt
158.0,da,Да,Yes,是,Sí,Sim,Ja,はい,Oui,Tak,그래,Evet,Sì,Igen
159.0,da_rodnaya_znau,"Да родная, знаю","Yes my lovely, I know",是 亲爱的 我知道,"Sí vida, lo sé","Sim, querida, eu sei","Ja, Liebste, ich weiß",はい、愛しい人、知っている,"Oui ma chère, je sais","Tak rodzony, wiem","그래, 자기야, 알아","Evet hayatım, biliyorum","Sì, cara, lo so","Igen, drága, tudom"
160.0,nu_ge_milyi_ili_ya_bolshe_ne_mila_tebe,"Ну же, милый, или я больше не мила тебе? ","Come on, sweetie, or am I not dear to you anymore?",来吧 亲爱的 还是我不再可爱？,"Vamos, cariño, ¿o ya no te gusto?","Qualé, querido, ou eu não te agrado mais?","Komm schon, Schatz, oder bin ich dir nicht mehr lieb?",さあ、愛しい人、それとももう私のことが愛しくないの？,"Allez, chéri, ou bien je ne te suis plus chère ?","Noże, miły, albo ja więcej nie miła tobie?","어서, 여보, 아니면 내가 더 이상 사랑스럽지 않은 거야?","Hadi, sevgili, yoksa artık sana sevimli gelmiyor muyum?","Dai, caro, o non ti sono più cara?","Gyerünk, drága, vagy talán nem vagyok már kedves neked?"
161.0,zdes_nachetsia_nasha_gizn,Здесь начнётся наша жизнь,Here our life will begin,在此开始我们的生活,Aquí comenzará nuestra vida,Aqui a nossa vida vai começar,Hier wird unser Leben beginnen,ここで私たちの人生が始まる,Ici notre vie va commencer,Tutaj zacznie się nasze życie,여기서 우리의 인생이 시작될 거야,Burada hayatımız başlayacak,Qui inizierà la nostra vita,Itt kezdődik az életünk
162.0,ta_o_kotoroi_mi_mechtali,"Та, о которой мы мечтали",The one we dreamed of,梦想的生活,La que soñamos,Aquela que a gente sonhou,"Das, von dem wir geträumt haben",私たちが夢見たあの人生,Celle dont nous avons rêvé,"To, o którym my marzyliśmy",우리가 꿈꿔 왔던 그 인생,Hayalini kurduğumuz,Quella che abbiamo sognato,"Az, amiről álmodtunk"
163.0,ta_kotoroi_mi_dostoini,"Та, которой мы достойны",The one we deserve,应得的生活,La que merecemos,Aquela que a gente merece,"Das, das wir verdienen",私たちにふさわしいあの人生,Celle que nous méritons,"To, na które my godni",우리가 합당한 그 인생,Hak ettiğimiz,Quella che meritiamo,"Az, amit megérdemlünk"
164.0,i_nasha_sokrovennaya_sviashennaya_lubov,"И наша сокровенная, священная любовь ","And our intimate, sacred love",我们神圣秘密的爱,"Y nuestro íntimo, sagrado amor","E o nosso amor íntimo, sagrado","Und unsere innige, heilige Liebe",そして私たちの内密の、神聖な愛,"Et notre amour intime, sacré","I nasza najskrytsza, święta miłość","그리고 우리의 은밀한, 신성한 사랑","Ve bizim derin, kutsal aşkımız","E il nostro amore intimo, sacro","És a mi titkos, szent szerelmünk"
165.0,nikto_nikogda_ne_potrevogit_nas_zdes,Никто никогда не потревожит нас здесь,No one will ever disturb us here,无人打扰,Nadie nos molestará aquí,Ninguém nunca vai nos perturbar aqui,Niemand wird uns hier jemals stören,誰も私たちをここで邪魔しない,Personne ne nous dérangera jamais ici,Nikt nigdy nie zakłóci nam tutaj,아무도 우리를 여기서 방해하지 않을 거야,Hiç kimse bizi burada asla rahatsız etmeyecek,Nessuno ci disturberà mai qui,Soha senki nem fog itt zavarni minket
166.0,skolko_vsego_nami_bilo_progito,"Сколько всего нами было прожито, сколько невзгод пройдено, сколько слёз пролито","So much has been lived by us, so many hardships overcome, so many tears shed",共度多少 经历多少 泪水多少,"Cuánto vivido, cuántas penas superadas, cuántas lágrimas","Quanto de tudo foi vivido pela gente, quantas adversidades superadas, quantas lágrimas derramadas","Wie viel von allem wurde von uns durchlebt, wie viele Widrigkeiten überstanden, wie viele Tränen vergossen",どれだけのことが私たちによって生きられ、どれだけの苦難が乗り越えられ、どれだけの涙が流されたか,"Combien de choses nous avons vécues, combien d'épreuves surmontées, combien de larmes versées","Ile wszystkiego przez nas było przeżyte, ile przeciwności przebytych, ile łez wylanych","얼마나 많은 것이 우리에 의해 살아졌고, 얼마나 많은 역경이 겪어졌고, 얼마나 많은 눈물이 흘려졌는지","Ne çok şey yaşadık, ne çok sıkıntıyı aştık, ne çok gözyaşı döktük","Quanto di tutto è stato vissuto da noi, quante avversità superate, quante lacrime versate","Mennyi mindent éltünk meg, mennyi viszontagságot léptünk át, mennyi könnyet hullattunk"
167.0,i_vot_nakonez,И вот наконец,"And now, finally",终于,Y ahora al fin,E aí finalmente,Und nun endlich,そしてついに,Et voici enfin,I oto wreszcie,그리고 드디어,Ve işte nihayet,Ed ecco finalmente,És íme végre
168.0,priamo_seichas_v_eto_mgnovenie,"Прямо сейчас, в это мгновение","Right now, at this moment",此刻 现在,"Ahora mismo, en este instante","Agora, neste momento","Jetzt, in diesem Augenblick",今、この瞬間,"Maintenant, à cet instant","Prosto teraz, w to mgnienie","지금, 이 순간","Şu anda, bu anda","Proprio ora, in questo istante","Most, ebben a pillanatban"
169.0,sbivaetsia_glavnaya_iz_mecht_glavnaya_iz_molitv,"Сбывается главная из мечт, главная из молитв, из вожделений – наша подлинная, неочернённая бытовыми или финансовыми трудностями, жизнь","The paramount of dreams is materializing, the paramount of prayers, of yearnings – our bona fide, unsullied by everyday or financial troubles, life",最重要的梦想在实现 最重要的祈祷 渴望——我们真实 未被日常财务玷污的生活,"Se materializa lo paramount de sueños, lo paramount de plegarias, de anhelos – nuestra vida bona fide, no mancillada por problemas cotidianos o financieros","Tá se realizando o principal dos sonhos, o principal das orações, dos desejos – a nossa vida autêntica, não manchada por dificuldades domésticas ou financeiras","Erfüllt sich der wichtigste der Träume, der wichtigste der Gebete, der Begierden – unser authentisches, von alltäglichen oder finanziellen Schwierigkeiten ungetrübtes Leben",夢のうちで最も主要なもの、祈りのうちで最も主要なもの、欲望のうちで最も主要なもの – 私たちの真実の、日常的または金銭的な困難に汚されていない、人生 – が実現する,"Se réalise le principal des rêves, le principal des prières, des désirs – notre vie authentique, non entachée par des difficultés domestiques ou financières","Spełnia się największe z marzeń, największe z modlitw, z pożądań – nasza prawdziwa, nie zanieczyszczona codziennymi czy finansowymi trudnościami, życie","꿈들 중 가장 주된 것, 기도들 중 가장 주된 것, 욕망들 중 가장 주된 것 – 우리의 진실된, 일상적 혹은 금전적 어려움에 더럽혀지지 않은, 인생 – 이 실현되네","En büyük rüya, en büyük dua, en büyük arzu gerçekleşiyor – bizim otantik, gündelik veya finansal zorluklarla lekelenmemiş hayatımız","Si realizza il principale dei sogni, il principale delle preghiere, dei desideri – la nostra vita autentica, non offuscata da difficoltà domestiche o finanziarie","Valóra válik a fő álom, a fő imádság, a fő vágy – a mi hiteles, mindennapi vagy pénzügyi nehézségektől meg nem mocskolt életünk"
170.0,eto_tak_zahvativaushe_razve_net,"Это так захватывающе, разве нет?","It's so exciting, isn't it?",多激动 不是吗？,"Es tan emocionante, ¿no?","Isso é tão emocionante, né não?","Das ist so aufregend, nicht wahr?",それはとても刺激的だ、そうではないか？,"C'est tellement excitant, n'est-ce pas ?","To tak ekscytujące, czyż nie?","이건 정말 흥미진진해, 그렇지 않아?","Bu çok heyecan verici, değil mi?","È così emozionante, non è vero?","Ez annyira izgalmas, nem igaz?"
171.0,v_momenti_podobnogo_triumfa,В моменты подобного триумфа порою задаёшься вопросом,In moments of such triumph you sometimes wonder,这种时刻你会想,En momentos así a veces preguntas,Em momentos de tal triunfo às vezes a gente se pergunta,In Momenten solchen Triumphes fragt man sich manchmal,そのような勝利の瞬間には時折疑問がわく,Dans des moments de triomphe pareils on se demande parfois,W momentach podobnego triumfu niekiedy zadajesz sobie pytanie,그런 승리의 순간에는 가끔 질문이 들어,Böyle zafer anlarında bazen soruyorsun,In momenti di tale trionfo a volte ci si chiede,Hasonló diadal pillanataiban néha felteszed a kérdést
172.0,a_chto_esli_priamo_seichas,"А что если прямо сейчас кто-то, или что-то, возьмёт – и вырвет это у тебя из рук","What if right now someone, or something, just snatches it from your hands",若此刻有人或物 将其夺走,"Y si ahora alguien, o algo, lo arrebata de tus manos","E se agora mesmo alguém, ou alguma coisa, pegar – e arrancar isso das suas mãos","Was, wenn gerade jetzt jemand, oder etwas, es nimmt – und es dir aus den Händen reißt",もし今まさに誰かが、あるいは何かが、それをあなたの手から奪い取ったら,"Et si tout de suite maintenant quelqu'un, ou quelque chose, prenait – et t'arrachait ça des mains","A co jeśli prosto teraz ktoś, albo coś, weźmie – i wyrwie to tobie z rąk","만약 지금 당장 누군가, 혹은 무언가가, 그것을 네 손에서 앗아가 버린다면","Ya şu anda birisi, ya da bir şey, alıverirse – ve onu elinden yırtıp alırsa","E se proprio adesso qualcuno, o qualcosa, afferri – e te lo strappi dalle mani","Mi van, ha most azonnal valaki, vagy valami, megragadja – és kitépi a kezedből"
173.0,hvat_i_ne_sishesh_ni_sluhom_ni_duhom,"Хвать – и не сыщешь, ни слухом, ни духом","Snatch – and it's gone, without a whisper or a trace ",夺走 消失 无影无踪,"Rapto – y se fue, sin un rastro","Num instante – e some, sem deixar rastro","Schnapp – und du findest es nicht, weder durch Hörensagen noch durch Ahnung",ひったくって – そして跡形もなく、音沙汰もなく,"Vlan – et plus moyen de le retrouver, ni à l'ouïe ni à l'odeur","Chlap – i nie znajdziesz, ani słuchem, ani duchem","잡아채 – 그리고 흔적도, 소식도 없이","Kap – ve bulamazsın, ne haber ne iz","Un attimo – e non lo trovi, né per fama né per segno","Egy csapás – és nem találod, sem hallomás, sem lelkemre"
174.0,kuda_devatsia_v_kakoi_servis_obrashatsia,"Куда деваться, в какой сервис обращаться?","Where to go, which service to contact?",该找谁 找哪个部门？,"¿A dónde ir, a qué servicio acudir?","Pra onde correr, a que serviço recorrer?","Wohin soll man gehen, an welchen Service soll man sich wenden?",**どこへ行けばいい、どのサービスに頼ればいい？,"Où aller, à quel service s'adresser ?","Gdzie się podziać, w jaki serwis zwracać się?","어디로 가야 해, 어떤 서비스에 연락해야 해?","Nereye gidilir, hangi servise başvurulur?","Dove andare, a quale servizio rivolgersi?","Hova menjek, melyik szolgáltatáshoz forduljak?"
175.0,dumaesh_eto_omrachnenie_momenta,"Думаешь, это омрачение момента? Прости, мне всегда нравилось, наверное от чрезмерной любознательности ","You think i'm dampening the moment? Sorry, I always liked it, probably from an inquisitive mind",觉得我扫兴？抱歉 我一向这样 可能太好奇,"¿Crees que estropee el momento? Perdón, siempre me gustó, quizá por mente inquisitiva","Acha que isso sombreia o momento? Desculpa, eu sempre gostei, provavelmente por excesso de curiosidade","Denkst du, das trübt den Moment? Entschuldige, ich mochte das immer, wahrscheinlich von übermäßiger Neugierde",瞬間を暗くしていると思う？ごめん、私はいつも好きだった、多分過剰な好奇心から,"Tu penses que ça assombrit le moment ? Désolé, j'ai toujours aimé ça, peut-être à cause d'une curiosité excessive","Myślisz, to przyćmienie chwili? Wybacz, mnie zawsze podobało się, chyba od nadmiernej ciekawości","순간을 어둡게 하는 거라고 생각해? 미안, 난 항상 좋아했었어, 아마 과도한 호기심 때문일 거야","Bunu anın karartılması mı sanıyorsun? Üzgünüm, her zaman sevmişimdir, muhtemelen aşırı meraktan","Pensi che questo offuschi il momento? Scusa, mi è sempre piaciuto, probabilmente per eccessiva curiosità","Azt hiszed, ez az árnyéka a pillanatnak? Bocs, mindig szerettem, talán a túlzó kíváncsiságból"
176.0,znaesh_oshushat_osmislaya,"Знаешь... ощущая нечто, или заимев нечто, осмыслять все воображаемые стороны этого, в том числе представляя, что лишён его ","You know... feeling aught, or having obtained aught, to apprehend all its envisioned facets, including fancying being deprived of it 
",知道吗...感受某事 或得到后 思索其所有想象层面 包括想象失去它,"Sabes... sentir algo, u obtener algo, aprehender todas sus facetas envisionadas, incluso imaginando estar privado de ello","Sabe... sentindo algo, ou tendo conseguido algo, compreender todos os seus lados imaginados, incluindo imaginar ser privado dele","Weißt du... indem man etwas fühlt, oder etwas erlangt hat, alle imaginären Seiten davon zu begreifen, einschließlich sich vorzustellen, dessen beraubt zu sein",知ってる…何かを感じながら、あるいは何かを得ながら、それを奪われたことを想像することも含めて、そのすべての想像された側面を理解すること,"Tu sais... en ressentant quelque chose, ou en ayant obtenu quelque chose, en comprenant tous ses aspects imaginés, y compris en s'imaginant en être privé","Wiesz... odczuwając coś, albo zdobywszy coś, uświadamiać sobie wszystkie wyobrażone strony tego, w tym również przedstawiając, że pozbawiony jestego","너 알아... 무언가를 느끼면서, 혹은 무언가를 가지면서, 그것을 빼앗겼다고 상상하는 것까지 포함해, 그것의 모든 상상된 측면을 이해하는 것","Biliyor musun... bir şey hissederek, ya da bir şey elde ederek, onun tüm hayali yönlerini kavramak, ondan yoksun olduğunu hayal etmek de dahil","Sai... sentendo qualcosa, o avendo ottenuto qualcosa, comprenderne tutti gli aspetti immaginati, incluso immaginare di esserne privato","Tudod... érzve valamit, vagy megszerezve valamit, megérteni minden képzelt oldalát, beleértve azt is, hogy elképzeld, nélküle vagy"
177.0,doroga_milyu_doroga,"ДОРОГА, МИЛЫЙ, ДОРОГА","THE ROAD, SWEETIE, THE ROAD",路 亲爱的 看路,"¡LA CARRETERA, CARIÑO, LA CARRETERA!","ESTRADA, QUERIDO, ESTRADA","STRASSE, SCHATZ, STRASSE",道、愛しい人、道！,"LA ROUTE, CHÉRI, LA ROUTE","DROGA, MIŁY, DROGA","길, 여보, 길!","YOL, SEVGİLİM, YOL","STRADA, CARO, STRADA","ÚT, DRÁGA, ÚT"
178.0,vybratsia,Выбраться,Get out,快开,Salir,Sair,Rauskommen,脱出しろ,Sortir,Wydostać się,탈출해,Çıkış,Uscire,Kijutni
179.0,izvinite_posle_10_ne_prodaem,Извините после 10 не продаём,"Excuse me, we don't sell after 10",抱歉十点后不卖,"Disculpe, no vendemos tras las 10","Desculpe, a gente não vende depois das 10","Entschuldigung, wir verkaufen nach 10 Uhr nicht mehr",すみません、10時以降は販売してません,Désolé on ne vend pas après 10h,Przepraszam po 10 nie sprzedajemy,죄송합니다 10시 이후에는 판매하지 않습니다,Üzgünüz 10'dan sonra satmıyoruz,Scusate dopo le 10 non vendiamo,"Elnézést, 10 után nem árulunk"
180.0,ya_viehal_s_samogo_utra,Я выехал с самого утра,I set out first thing in the morning,我一大早就出发,Salí temprano,Eu saí de madrugada,Ich bin frühmorgens losgefahren,朝一番で出てきたんです,Je suis parti dès le matin,Ja wyjechałem od samego rana,아침 일찍부터 나왔습니다,Sabah erkenden yola çıktım,Sono partito di prima mattina,Már kora reggel indultam
181.0,izvinite_eshe_raz,Извините ещё раз,Sorry again,再次抱歉,Disculpe otra vez,Desculpe de novo,"Entschuldigung, nochmals",すみません、もう一度,Désolé encore une fois,Przepraszam jeszcze raz,"죄송합니다, 다시 한 번",Tekrar özür dilerim,Scusate ancora,Még egyszer elnézést
182.0,ty_blya_gluhaya,"Ты бля глухая? Я же сказал, я опоздал блядь, всего на дюжину минут запозднился, нахуй ты носом вертишь, неужто за бутылочку-вторую выговорят всучат, или я похож на алкаша, бомжа? Глупая сука, подумала ли ты вообще о том, что портишь сейчас чей-то долгожданный праздник? Может я рождение сына отмывать еду? Может из-за родов опоздал, м? Не помыслила о таком, ась? Не пришла в твою ебанную голову подобная мысля?     ","Are you fucking deaf? I told you, I'm late, fuck, I was only a dozen minutes late, why the fuck are you shaking your head, will they really get a reprimand for a bottle or two, or do I look like a drunk, a bum? Stupid bitch, did you even think that you're ruining someone's long-awaited celebration right now? Maybe I'm on my way to celebrate my son's birth? Maybe I was late because of the birth, huh? Didn't such a thought cross your fucking mind?",你聋了吗？说了只晚十分钟 摇什么头 卖两瓶能挨骂？我像醉汉流浪汉？蠢货 想过在毁别人期待已久的庆典吗？可能我去庆祝儿子出生？可能因生产迟到？嗯？从你他妈脑子闪过？,"¿Estás sorda? Dije, llegué tarde, joder, solo doce minutos tarde, por qué mueves la cabeza, ¿regañarán por botella o dos, o parezco borracho, vagabundo? Estúpida, ¿pensaste que arruinas celebración esperada? ¿Quizá voy a celebrar nacimiento de mi hijo? ¿Quizá llegué tarde por el parto, eh? ¿No se te ocurrió, eh? ¿No cruzó tu jodida cabeza?","Cê tá surda, porra? Eu falei, eu me atrasei, porra, só me atrasei uma dúzia de minutos, por que caralho você tá balançando a cabeça, vão ralhar mesmo por uma garrafa ou duas, ou eu pareço um cachaceiro, um mendigo? Sua vaca burra, você pensou que tá estragando a festa tão esperada de alguém agora? Será que eu tô indo comemorar o nascimento do meu filho? Será que me atrasei por causa de um parto, hein? Não pensou nisso, hein? Não passou pela sua cabeça de merda um pensamento desses?","Bist du fucking taub? Ich habe gesagt, ich bin zu spät, fuck, bin nur ein Dutzend Minuten zu spät, warum zum Teufel schüttelst du den Kopf, wird man für eine Flasche oder zwei wirklich ermahnt, oder sehe ich wie ein Alkoholiker, ein Penner aus? Dumme Schlampe, hast du überhaupt daran gedacht, dass du gerade jemandes lang ersehntes Fest ruinierst? Vielleicht feiere ich die Geburt meines Sohnes? Vielleicht war ich wegen einer Geburt zu spät, hm? Hast nicht an so was gedacht, hä? Ist so ein Gedanke nicht in deinen fucking Kopf gekommen?",このクソ耳が聞こえないのか？言っただろう、遅れたんだクソ、ほんの十二分遅れただけだ、クソって何いってんだ、ボトル一二本で叱責されるか、それとも俺が酔っ払いのホームレスに見えるか？馬鹿な雌、今誰かの待ち望んだ祝祭を台無しにしていると考えたことあるのか？もしかしたら俺は息子の誕生を祝うために走っているんだ？もしかしたら出産で遅れたんだ、そうか？そんなこと考えもしなかっただろう、そうか？お前のクソ頭にそんな考えは浮かばなかっただろう？,"T'es putain de sourde ? J'ai dit, je suis en retard putain, j'ai juste une douzaine de minutes de retard, pourquoi tu secoues la tête, est-ce qu'on va vraiment se faire engueuler pour une bouteille ou deux, ou est-ce que je ressemble à un alcoolo, un clodo ? Stupide salope, est-ce que t'as seulement pensé au fait que tu gâches la fête tant attendue de quelqu'un là ? Peut-être que je vais fêter la naissance de mon fils ? Peut-être que j'étais en retard à cause d'un accouchement, hein ? T'as pas pensé à ça, hein ? Ça t'est pas venu dans ta putain de tête une pensée pareille ?","Ty bląd głucha? Jaż powiedziałem, ja spóźniłem się bląd, wszystko na tuzin minut spóźniłem się, na chuj ty nosem kręcisz, czyżby za buteleczkę-drugą naganę wsadzą, czy ja podobny do alkohola, kloszarda? Głupia suka, pomyślała-li ty w ogóle o tym, że psujesz teraz czyjeś długo wyczekiwane święto? Może ja narodziny syna zmywać jadę? Może z powodu porodów spóźniłem się, h? Nie pomyślała o takim, co? Nie przyszła do twojej jebanej głowy podobna myśl?","씨발 귀먹었냐? 말했잖아, 늦었다고 씨발, 고작 12분 늦었을 뿐인데, 씨발 왜 고개를 흔드는 거야, 한두 병 때문에 혼나는 거야, 아니면 내가 술취한 거지처럼 보이냐? 멍청한 계집아, 지금 누군가의 오래 기다린 축제를 망치고 있다는 생각을 해 본 적이 있냐? 혹시 내가 아들 탄생을 축하하러 가는 거라고? 혹시 출산 때문에 늦은 거라고, 어? 그런 생각 해 본 적 없지, 어? 네 씨발 머리에 그런 생각이 안 떠오르지?","Sen kahrolası sağır mısın? Dedim ki, geciktim, siktir, sadece bir düzine dakika geciktim, niye kahrolası kafanı sallıyorsun, bir iki şişe için azar mı işiteceğim, yoksa bir alkoliğe, bir serseriye mi benziyorum? Aptal sürtük, şu anda birinin uzun zamandır beklediği kutlamasını mahvettiğini hiç düşündün mü? Belki oğlumun doğumunu kutlamaya gidiyorum? Belki bir doğum yüzünden geciktim, ha? Böyle bir şey düşünmedin, ha? Senin kahrolası kafana böyle bir düşünce gelmedi mi?","Sei fottutamente sorda? Ho detto, sono in ritardo, cazzo, solo una dozzina di minuti in ritardo, perché cazzo scuoti il naso, davvero per una bottiglia o due mi rimprovereranno, o sembro un alcolizzato, un barbone? Stupida puttana, hai pensato almeno al fatto che stai rovinando la festa tanto attesa di qualcuno adesso? Forse sto andando a festeggiare la nascita di mio figlio? Forse sono in ritardo per un parto, eh? Non hai pensato a una cosa del genere, eh? Non ti è venuta in mente una cazzo di pensiero del genere?","Te kurva süket? Mondtam, késtem, bassza meg, csak egy tucat percet késtem, mi a fasznak rázod az orrod, tényleg meg fognak rólam róhogni egy-két üvegért, vagy úgy nézek ki, mint egy alkoholista, egy hajléktalan? Hülye kurva, gondoltál egyáltalán arra, hogy tönkreteszel most valakinek egy rég várt ünnepét? Lehet, hogy a fiam születését ünneplem? Lehet, hogy egy szülés miatt késtem, mi? Nem gondoltál ilyesmire, he? Nem jutott eszedbe a kibaszott fejedben egy hasonló gondolat?"
183.0,kassa_pod_nabludeniem,"Касса под наблюдением, мужчина успокойтесь пожалуйста","Checkout is under surveillance, sir, please calm down",监控开着 先生请冷静,"Caja bajo vigilancia, señor, por favor cálmese","O caixa tá sob vigilância, moço, se acalme por favor","Kasse steht unter Beobachtung, der Herr, beruhigen Sie sich bitte",レジは監視カメラ作動中です、お客様、どうかお鎮まりください,"La caisse est sous surveillance, monsieur, calmez-vous s'il vous plaît","Kasa pod obserwacją, mężczyzna uspokójcie się proszę","계산대는 감시 중입니다, 남자분, 제발 진정해 주세요","Kasa gözetim altında, beyefendi, lütfen sakin olun","La cassa è sotto sorveglianza, signore, si calmi per favore","A pénztár megfigyelés alatt áll, uram, nyugodjon meg, kérem"
184.0,shvatit_butulku,Схватить бутылку,Grab the bottle,抓过酒瓶,Agarrar la botella,Pegar a garrafa,Flasche schnappen,ボトルを掴む,Saisir la bouteille,Chwycić butelkę,병을 움켜쥐다,Şişeyi kapmak,Afferrare la bottiglia,Megragadni az üveget
185.0,uge_vybral_lubimyi,Уже выбрал любимый?,"Have you already chosen, my love?",选好了亲爱的？,"¿Ya elegiste, amor?",Já escolheu seu favorito?,Hast du schon deinen Liebling gewählt?,もう最爱は選んだ？,Tu as déjà choisi ton préféré ?,Już wybrał ulubiony?,이미 가장 좋아하는 걸 골랐어?,En sevdiğini seçtin mi?,Hai già scelto il tuo preferito?,Már kiválasztotta a kedvencét?
,,,,,,,,,,,,,,
187.0,net,Нет,No,没,No,Não,Nein,いいえ,Non,Nie,아니오,Hayır,No,Nem
188.0,vy_smotrites_volshebno,Вы смотритесь волшебно,You look magical,你美极了,Te ves mágica,Você tá uma fada,Sie sehen magisch aus,魔法のようにお似合いです,Vous êtes magique,Wy wyglądacie czarodziejsko,마법처럼 잘 어울려요,Harika görünüyorsun,Siete magica,Varázslatosan néz ki
189.0,zakrichat,Закричать ,Scream,尖叫,Gritar,Gritar,Schreien,叫ぶ,Crier,Krzyczeć,소리치다,Bağırmak,Urlare,Sikoltozni
190.0,begat,Бежать,Run,奔跑,Correr,Correr,Rennen,走る,Courir,Biec,달리다,Koşmak,Correre,Futni
191.0,chto_tebe_nugno,ЧТО ТЕБЕ НУЖНО,WHAT DO YOU WANT,你要什么,¿QUÉ QUIERES,O QUE VOCÊ QUER,WAS WILLST DU,何が欲しいんだ,QU'EST-CE QUE TU VEUX,CZEGO TOBIE TRZEBA,너는 뭐가 필요해,NEYE İHTİYACIN VAR,COSA VUOI,MIT AKARSZ
192.0,dai_mne_git,ДАЙ МНЕ ЖИТЬ,LET ME LIVE,让我活,DÉJAME VIVIR,ME DEIXA VIVER,LASS MICH LEBEN,私を生きさせろ,LAISSE-MOI VIVRE,DAJ MNIE ŻYĆ,내가 살게 해 줘,YAŞAMAMA İZİN VER,LASCIAMI VIVERE,ENGEDJ ÉLNI
193.0,pozvol_mne_pospat,ПОЗВОЛЬ МНЕ УСНУТЬ,LET ME FALL ASLEEP,让我睡,DÉJAME DORMIR,ME DEIXA DORMIR,ERLAUBE MIR EINZUSCHLAFEN,私を眠らせろ,PERMET-MOI DE M'ENDORMIR,POZWÓL MNIE ZASNĄĆ,내가 잠들게 해 줘,Uyumama izin ver,PERMETTIMI DI ADDORMENTARMI,ENGEDJ ELALUDNI
194.0,prekrati_uidi_ne_donimai_menya,"ПРЕКРАТИ, УЙДИ, НЕ ДОНИМАЙ МЕНЯ ","CEASE THIS, BEGONE, STOP BADGERING ME",停下 滚开 别缠着我,"BASTA, VETE, DEJA DE ATOSIGARME","PARA, VAI EMBORA, PARA DE ME INCOMODAR","HÖR AUF, GEH WEG, BELÄSTIGE MICH NICHT",やめろ、去れ、私を責めるな,"ARRÊTE, VA-T'EN, ARRÊTE DE M'EMBÊTER","PRZESTAŃ, ODEJDŹ, NIE DRęCZ MNIE","그만해, 떠나줘, 나를 괴롭히지 마","DUR, GİT, BENİ RAHATSIZ ETME","BASTA, VATTENE, NON MI INFASTIDIRE","HAGYD ABBA, MENJ EL, NE ZAVARJ"
195.0,s_teh_por_kak_ty_ushla,С тех пор как ты ушла ,Since you left,自你离去,Desde que te fuiste,Desde que você foi embora,Seit du gegangen bist,あなたが去って以来,Depuis ton départ,Od tego czasu jak ty odeszła,네가 떠난 이후로,Sen gittiğinden beri,Da quando te ne sei andata,Amióta elmentél
196.0,menya_siedaet_neotchugdaemyi_ugas,Меня съедает неотчуждаемый ужас,I am devoured by an unalienable trepidation ,我被无法剥离的恐惧吞噬,Me devora un horror inalienable,Eu tô sendo consumido por um horror inalienável,Frisst mich ein unveräußerlicher Horror,私は譲渡不能な恐怖に食い尽くされている,Je suis dévoré par une horreur inaliénable,Mnie zjada nieoddzielny przerażenie,나는 양도할 수 없는 공포에 잠식당해,Beni devredilemez bir dehşet yiyor,Sono divorato da un orrore inalienabile,Egy elidegeníthetetlen horror emészt
197.0,zatianyvshiysia_koshmar,Затянувшийся кошмар,A perpetual torment ,无尽的折磨,Una pesadilla prolongada,Um pesadelo prolongado,Ein sich hinziehender Albtraum,長引く悪夢,Un cauchemar prolongé,Przeciągły koszmar,길어진 악몽,Uzayan bir kabus,Un incubo prolungato,Egy húzódó rémálom
198.0,bezbognyi_morok,Безбожный морок,A godless blight ,渎神的黑暗,Una penumbra impía,Uma escuridão ímpia,Eine gottlose Finsternis,神なき暗闇,Une obscurité impie,Bezbożny mrok,신도 없는 어둠,Tanrısız bir karanlık,Un'oscurità empia,Egy istentelen sötétség
199.0,nishodyashee_v_miru_marevo,Нисходящее в миру марево,A descending worldly mirage,笼罩世间的迷障,Un espejismo mundano descendiente,Uma miragem descendo sobre o mundo,Eine über der Welt niedersteigende Fata Morgana,世に降りる陽炎,Un mirage descendant sur le monde,Zstępujące na świecie majak,세상에 내리는 아지랑이,Dünyaya inen bir serap,Una fata morgana che discende sul mondo,Egy világra szálló délibáb
200.0,ya_vigu_besov,Я вижу бесов,I see fiend,我看见恶魔,Veo demonios,Eu vejo demônios,Ich sehe Dämonen,私は悪魔を見る,Je vois des démons,Ja widzę biesy,나는 악마들을 봐,Şeytanlar görüyorum,Vedo demoni,Ördögöket látok
201.0,i_oni_govoryat_so_mnoi,И они говорят со мной,And they speak with me,它们对我说话,Y hablan conmigo,E eles falam comigo,Und sie sprechen mit mir,そして彼らは私に話しかける,Et ils me parlent,I one mówią ze mną,그리고 그들은 나에게 말을 걸어,Ve benimle konuşuyorlar,E loro mi parlano,És beszélnek hozzám
202.0,ya_ne_splu,Я не сплю,I do not sleep,我不睡觉,No duermo,Eu não durmo,Ich schlafe nicht,私は眠らない,Je ne dors pas,Ja nie śpię,나는 자지 않아,Uyumuyorum,Non dormo,Nem alszom
203.0,ne_splu_v_konvenzionalnom_ponimanii_sna,Не сплю в конвенциональном понимании сна,Do not sleep in the conventional understanding of sleep,不在常规意义上睡觉,No duermo en sentido convencional,Não durmo no sentido convencional de sono,Ich schlafe nicht im konventionellen Verständnis von Schlaf,睡眠の慣習的な理解では眠らない,Je ne dors pas dans le sens conventionnel du sommeil,Nie śpię w konwencjonalnym rozumieniu snu,수면의 관습적인 이해에서는 자지 않아,Uykunun geleneksel anlamında uyumuyorum,Non dormo nel senso convenzionale di sonno,Nem alszom az alvás hagyományos értelmében
204.0,i_prosipaus,"И ""просыпаюсь""","And ""wake up""","而""醒来""","Y ""despierto""","E ""acordo""","Und ""wache auf""",そして「目覚める」,"Et je ""me réveille""","I ""przebudzam się""","그리고 ""깨어나""","Ve ""uyanıyorum""","E ""mi sveglio""","És ""felébredek"""
205.0,"sovershenno,absolutno, dezorientirovannym","Совершенно, абсолютно дезориентированным","Completely, absolutely disoriented",完全 彻底迷失方向,"Completamente, absolutamente desorientado","Completamente, absolutamente desorientado","Völlig, absolut desorientiert",完全に、絶対的に見当識障害を起こして,"Complètement, absolument désorienté","Całkowicie, absolutnie zdezorientowany","완전히, 절대적으로 방향 감각을 잃어","Tamamen, kesinlikle yönelimimi kaybetmiş","Completamente, assolutamente disorientato","Teljesen, abszolút dezorientáltan"
206.0,inogda_po_probugdeniy,"Иногда, по пробуждению","Sometimes, upon waking",有时醒来,"A veces, al despertar","Às vezes, ao acordar","Manchmal, nach dem Aufwachen",時折、目覚めた後,"Parfois, au réveil","Czasami, po przebudzeniu","가끔, 깨어난 후","Bazen, uyanınca","A volte, al risveglio","Néha, felébredéskor"
207.0,mne_ne_izvesten_segodniashnyi_den,Мне не известен сегодняшний день,I do not know today's date,不知今日何时,No sé la fecha de hoy,Eu não sei que dia é hoje,Kenne ich das heutige Datum nicht,今日の日付がわからない,Je ne connais pas la date d'aujourd'hui,Mnie nie znany dzisiejszy dzień,오늘 날짜를 모르겠어,Bugünün tarihini bilmiyorum,Non conosco la data di oggi,Nem ismerem a mai napot
208.0,mesiaz_god_dage_vremia_sutok,"Месяц, год, даже время суток","The month, the year, even the time of day",年月 甚至昼夜,"El mes, el año, incluso la hora","O mês, o ano, nem mesmo a hora","Monat, Jahr, sogar die Tageszeit",月、年、時刻さえも,"Le mois, l'année, même l'heure","Miesiąc, rok, nawet pora dnia","월, 년, 시간도","Ayı, yılı, hatta saati","Il mese, l'anno, persino l'ora del giorno","A hónapot, évet, még az időt sem"
209.0,ya_bredu_v_bredu,"Я в бреду бреду, посреди этого бескрайнего русского леса","In daze I'm maze my way, amidst this ours boundless Russian forest ",恍惚迷途 在这无垠俄式森林,"En aturdimiento deambulo, en medio de este nuestro bosque ruso sin límites","Eu vagueio em delírio, no meio dessa floresta russa sem fim","Ich wandere im Wahn, mitten in diesem endlosen russischen Wald",私はロシアの果てしない森の真ん中で、朦朧としながら歩く,"Je marche en délire, au milieu de cette forêt russe sans fin","Ja w malignie błądzę, pośród tego bezbrzeżnego rosyjskiego lasu","나는 러시아의 끝없는 숲 한가운데에서, 정신이 혼미한 채 걸어","Hezeyan içinde geziniyorum, bu sonsuz Rus ormanının ortasında","Vaggio nel delirio, nel mezzo di questa foresta russa senza fine","Tébolyban bolyongok, ebben a határtalan orosz erdőben"
210.0,etogo_nenavistnogo_doma,"Этого невыносимо родного дома, коему суждено было стать нашим укрытием, нашей крепостью ","Of this unbearably native home, that was ordained to become our sanctuary, our fortress

",这难以忍受的故土 本该成为我们庇护所 堡垒,"De este hogar insoportablemente nativo, que estaba ordainado para ser nuestro santuario, nuestra fortaleza","Dessa casa insuportavelmente familiar, que estava destinada a ser nosso refúgio, nossa fortaleza","Dieses unerträglich vertrauten Hauses, das dazu bestimmt war, unsere Zuflucht, unsere Festung zu werden",私たちの避難所、私たちの要塞となる運命だった、この耐え難いほど馴染み深い家の,"De cette maison insupportablement familière, qui était destinée à devenir notre refuge, notre forteresse","Tego nie do zniesienia swojskiego domu, któremu przeznaczone było stać się naszą kryjówką, naszą twierdzą","우리의 피난처, 우리의 요새가 되기로 운명지어진, 이 견딜 수 없을 만큼 친숙한 집의","Bu dayanılmaz derecede tanıdık evin, sığınağımız, kalemiz olması kaderinde olan","Di questa casa insopportabilmente familiare, che era destinata a diventare il nostro rifugio, la nostra fortezza","Ebben a elviselhetetlenül ismerős házban, aminek menedékünkké, erősségünkké kellett volna válnia"
211.0,terya_nit_deistvitelnogo,"Теряя нить действительного, плутая промеж двумя мирами моей осточертелой жизни","Losing the strand of the real, straying betwixt the two worlds of my loathsome life",失去现实之线 游荡在两个世界 我厌恶的生活,"Perdiendo el hilo de lo real, vagando entre dos mundos de mi vida odiosa","Perdendo o fio da realidade, vagando entre os dois mundos da minha vida enfadonha","Den Faden der Realität verlierend, zwischen den zwei Welten meines zum Hals heraus hängenden Lebens umherirrend",現実の糸を見失い、私の忌まわしい人生の二つの世界の間をさまよいながら,"Perdant le fil du réel, errant entre les deux mondes de ma vie écœurante","Tracąc nić rzeczywistego, błąkając się pomiędzy dwoma światami mojej znienawidzonej życia","현실의 실타래를 잃어버리고, 내 지겨운 인생의 두 세계 사이를 떠돌아다니면서","Gerçekliğin ipini kaybederek, canımdan bezmiş hayatımın iki dünyası arasında dolanarak","Perdendo il filo del reale, vagando tra i due mondi della mia vita nauseante","Elvesztve a valóság fonalát, vándorolva két unalmas életem világa között"
212.0,ne_nahodya_upokoeniya,Не находя упокоения ни в чём.,And finding solace in naught. ,无处得安宁,Sin hallar paz en nada.,Sem encontrar paz em nada.,In nichts Frieden findend.,何にも安らぎを見出せずに。,Ne trouvant le repos en rien.,Nie znajdując ukojenia w niczym.,그 무엇에도 안식을 찾지 못한 채.,Hiçbir şeyde huzur bulamıyorum.,Non trovando pace in nulla.,Semmi sem lel békét.
213.0,ty_znaesh_mne,"Ты знаешь, мне","You know, I feel... ",你知道 我感觉...,"Sabes, siento...","Cê sabe, pra mim","Du weißt, mir",あなた知ってる、私には,"Tu sais, à moi","Ty wiesz, mnie","너도 알다시피, 나는","Biliyor musun, bana","Sai, a me","Tudod, nekem"
214.0,mne_ochen_ochen_nezdorovitsya,"Мне очень, очень нездоровится.","I feel very, very unwell.",非常 非常不适,"Me siento muy, muy mal.","Eu tô muito, muito mal.","Mir ist sehr, sehr unwohl.",私にはとても、とても具合が悪い。,"Je me sens très, très mal.","Mnie bardzo, bardzo niedomaga.","나는 매우, 매우 몸이 안 좋아.","Ben çok, çok hastayım.","Sto molto, molto male.","Nagyon, nagyon rosszul vagyok."
215.0,sdelaem_eto_vmeste,Сделаем это вместе,Let's do it together,一起做吧,Hagámoslo juntos,Vamos fazer isso juntos,Machen wir es zusammen,一緒にやろう,Faisons ça ensemble,Zróbmy to razem,함께 하자,Bunu birlikte yapalım,Facciamolo insieme,Csináljuk együtt
217.0,da_lubov_moya,"Да, любовь моя","Yes, my love ",好的 吾爱 ,"Sí, mi amor","Sim, meu amor ","Ja, meine Liebe ",はい、私の愛 ,"Oui, mon amour ","Tak, miłość moja ","그래, 내 사랑","Evet, aşkım ","Sì, amore mio ","Igen, szerelmem "
